thai,burmese,count,status
ก,ကြက်ဖ,8100,Queue
ข,ဥ,8100,Queue
ฃ,ပုလင်း,8100,Queue
ค,ကျွဲ,8100,Queue
ฅ,လူ,8100,Queue
ฆ,ခေါင်းလောင်း,9600,Queue
ง,မြွေ,8100,Queue
จ,ပန်းကန်,8100,Queue
ฉ,စည်း,8600,Queue
ช,ဆင်,8100,Queue
ซ,သံကြိုး,9100,Queue
ฌ,သစ်ပင်,9600,Queue
ญ,မိန်းကလေး,8100,Queue
ฎ,နတ်သမီးခေါင်းဆောင်း,8100,Queue
ฏ,လှံ,9600,Queue
ฑ,နတ်သမီး,9600,Queue
ฒ,အဘိုးအို,9100,Queue
ณ,ကိုရင်,11760,Queue
ฐ,ပုလ္လင်ခံ,13160,Queue
ด,ကလေး,9760,Queue
ต,လိပ်,10760,Queue
ถ,အိတ်,13760,Queue
ท,စစ်သား,9760,Queue
น,ကြွက်,11260,Queue
บ,သစ်ရွက်,10860,Queue
ธ,အလံ,17260,Queue
ป,ငါး,6960,Queue
ผ,ပျား,11360,Queue
ฝ,အိုးဖုံး,8460,Queue
พ,ဖလား,14760,Queue
ฟ,သွား,8960,Queue
ภ,ရွက်လှေ,10060,Queue
ม,မြင်း,8000,Queue
ย,ဘီလူး,8000,Queue
ร,လှေ,8000,Queue
ล,မျောက်,8000,Queue
ว,လက်စွပ်,8000,Queue
ศ,ဇရပ်,9860,Queue
ษ,ရသေ့,9360,Queue
ส,ကျား,8960,Queue
ห,သေတ္တာ,8960,Queue
ฬ,စွန်,10960,Queue
อ,ကန်,8460,Queue
ฮ,ဇီးကွက်,8000,Queue
ศูนย์,သုည,4200,Queue
หนึ่ง ,တစ်,5200,Queue
สอง,နှစ်,5200,Queue
สาม,သုံး,5200,Queue
สี่ ,လေး,5200,Queue
ห้า,ငါး,5200,Queue
หก,ခြောက်,5200,Queue
เจ็ด,ခုနှစ်,5200,Queue
แปด,ရှစ်,5200,Queue
เก้า,ကိုး,5200,Queue
สิบ,တစ််ဆယ်,5200,Queue
สิบเอ็ด,ဆယ့်တစ်,4200,Queue
สิบสอง,ဆယ့်နှစ်,4200,Queue
ยี่สิบ,နှစ်ဆယ်,4200,Queue
ยี่สิบเอ็ด,နှစ်ဆယ့်တစ်,4200,Queue
ยี่สิบสอง,နှစ်ဆယ့်နှစ်,4200,Queue
ร้อย,ရာ,4200,Queue
หนึ่งพัน,ထောင်,5200,Queue
หนึ่งหมื่น ,သောင်း,5200,Queue
หนึ่งแสน,သိန်း,5200,Queue
หนึ่งล้าน ,သန်း,5200,Queue
สวัสดี,မင်္ဂလာပါ။,6500,Queue
สวัสดีตอนเช้า,ကောင်းသောမနက်ခင်းပါ။,7000,Queue
สวัสดีตอนบ่าย,ကောင်းသောနေ့လည်ခင်းပါ။,6500,Queue
สวัสดีตอนค่ำ,ကောင်းသောညနေခင်းပါ။,8500,Queue
ฝันดี๊นะครับ,ကောင်းသောညချမ်းပါ။,11000,Queue
คุณสาบายดีไหมคับ,နေကောင်းလားခင်ဗျ,7500,Queue
ผมสบายดีคับ,ကျနော်နေကောင်းပါတယ်။,7000,Queue
ผมไม่ค่อยสบายดีคับ,ကျနော်နေမကောင်းဘူး။,9000,Queue
ดีคับ,ကောင်းတယ်။,5000,Queue
งั้นๆนะ,ဒီလိုပါပဲ။,7500,Queue
แย่คับ,ဆိုးတယ်။,6500,Queue
ดีมาก,သိပ်ကောင်းတယ်။,6000,Queue
คุณชื่ออะไร,ခင်ဗျားနာမည်ဘယ်လိုခေါ်လဲ။,8000,Queue
ผมชื่อ,ကျွန်တော့်နာမည်က…,5000,Queue
ชื่อ,နာမည်,5000,Queue
นามสกุล,နာမည်နောက်ဆုံးစာလုံး,6000,Queue
เดี๋ยวเจอกัน,နောက်မှတွေ့မယ်။,12000,Queue
เจอกันพรุ่งนี้,နက်ဖြန်မှတွေ့မယ်။,10000,Queue
เป็นอะไรไหม,အဆင်ပြေလား,14500,Queue
ลาก่อนนะ,သွားတော့မယ်။,13000,Queue
บ๊ายบาย,တာ့တာ,5000,Queue
โชคดี,ကံကောင်းပါစေ,11000,Queue
ดูแลตัวเองดีๆ นะ,ဂရုစိုက်ပါ။,14000,Queue
ต้องไปแล้ว,သွားစရာရှိတယ်။,8500,Queue
ยินดีที่ได้รู้จักคับ,တွေ့ရတာ၀မ်းသာပါတယ်။,10000,Queue
ไม่เจอกันนานเลยนะ,နည်းနည်းကြာပြီနော်။,8700,Queue
คุณพูดภาษาอังกฤษได้ไหมคับ,အင်္ဂလိပ်လိုပြောတတ်လား,7000,Queue
ผมพูดไทยได้นิดหน่อยคับ,ထိုင်းလိုနည်းနည်းပြောတတ်တယ်။,9000,Queue
ผมพูดไทยไม่ได้คับ,ထိုင်းလိုမပြောတတ်ဘူး။,7000,Queue
ผมมาจาก ประเทศ พม่าคับ,ကျွန်တော်(...)နိုင်ငံလာတာ။,7500,Queue
ขออายุเท่าไหร่คับ,အသက်ဘယ်လောက်ရှိပြီလဲ?,7000,Queue
ผมอายุ 37 ปีคับ,၃၇ နှစ်ရှိပြီ။,6000,Queue
คุณช่างงดงาม,မင်းကလှတယ်,15000,Queue
น่าเบื่อมาก,ပျင်းစရာကြီး,16500,Queue
เหนื่อยมาก,အရမ်းပင်ပန်းတယ်,10000,Queue
ขอบคุณมากคับ,ကျေးဇူးအရမ်းတင်ပါတယ်ခင်ဗျ,7000,Queue
ไม่เข้าใจ,နားမလည်ဘူး,7000,Queue
พันคำไทย,ထိုင်းစာလုံးတစ်ထောင်,7000,Queue
ผม,ကျွန်တော်,2000,Queue
ฉัน,ကျွန်မ,6000,Queue
เรา,ငါတို့,4000,Queue
คุณ,ခင်ဗျား/သင်,1000,Queue
เขา,သူ/သူမ,5500,Queue
พวกเขา,သူတို့,5500,Queue
พวกผม,ကျွန်တော်တို့,5000,Queue
เธอ,သူမ,5000,Queue
มัน,၎င်းအရာဝတ္ထု,7000,Queue
ท่าน,လူကြီးမင်း,8500,Queue
กระผม,တပည့်တော်,3500,Queue
จะทำ,လုပ်မယ်,7000,Queue
ไป และ มา,သွား နဲ့ လာ,8000,Queue
จะเห็น,မြင်မယ်,10000,Queue
ผมเห็นผู้หญิงคนหนึ่ง,ကျနော်မိန်းကလေးတယောက်ကို မြင်တယ်,1000,Queue
จะชอบ,ကြိုက်မယ်,8000,Queue
ให้ และ เอา,ပေး နဲ့ ယူ,11700,Queue
ซื้อ และ ขาย,ဝယ်နဲ့ရောင်း,8500,Queue
จะใช้,သုံးမယ်,7500,Queue
จะทำงาน,အလုပ်လုပ်မယ်,3000,Queue
ไม่มา,မလာဘူး,4000,Queue
มาอยู่,လာနေတယ်,8500,Queue
มาแล้ว,လာပြီ,4500,Queue
ยากมา,လာချင်တယ်,7000,Queue
ไม่อยากมา,မလာချင်ဘူး,4000,Queue
ควรมา,လာသင့်တယ်,8000,Queue
ไม่ควรมา,မလာသင့်ဘူး,6000,Queue
เคยมา,လာဖူးတယ်,4500,Queue
ไม่เคยมา,မလာဖူးဘူး,4000,Queue
ต้องมา,လာရမယ်,7500,Queue
ไม่ต้องมา,လာဖို့မလိုဘူး/မလာနဲ့,3000,Queue
เพิ่งมา,အခုပဲလာတယ်,5500,Queue
อย่าเพิ่งมา,မလာသေးဘူး။,4500,Queue
มักจะมา,လာတတ်တယ်။,10000,Queue
คงจะมา,လာချင်လာလိမ့်မယ်,7000,Queue
มี ไม่มี มีไหม มีอีกไหม,ရှိတယ်၊ မရှိဘူး၊ ရှိလား၊ ရှိသေးလား,1500,Queue
เป็นไงบ้าง,ဘယ်လိုနေလဲ,4000,Queue
กระเป๋าสตางค์,ပိုက်ဆံအိတ်,3500,Queue
"อันนี้เรียก 
ว่าอะไร",ဒါကို ဘယ်လိုခေါ်လဲ,6000,Queue
จะพูดภาษาไทยว่าอย่างไร,ထိုင်းလို ဘယ်လိုခေါ်လဲ,1500,Queue
อย่ายอมแพ้ง่ายๆ,လွယ်လွယ်အရှုံးမပေးနဲ့,6500,Queue
เวลา,အချိန်,3500,Queue
ตอนเช้า,မနက်ပိုင်း,5000,Queue
ตอนบ่าย,နေ့လည်ပိုင်း,5500,Queue
ตอนเย็น,ညနေ,8500,Queue
กลางคืน,ည,7500,Queue
กี่โมงแล้ว?,ဘယ်နှနာရီလဲ,6300,Queue
สิบโมงครึ่งเช้า,မနက် ၁၀ နာရီ ခွဲပါ,1500,Queue
ตี 1 เช้า,tee neung chao,1400,Queue
ตี 2 เช้า,tee စုံ chao,1400,Queue
ตี 3 เช้า,tee saam chao,1400,Queue
ตี 4 เช้า,tee sii chao,1400,Queue
ตี 5 เช้า,tee haa chao,1400,Queue
6 โมงเช้า,hok mohng chao,1400,Queue
7 โมงเช้า,jet mohng chao,1400,Queue
8 โมงเช้า,paet mohng chao,1400,Queue
9 โมงเช้า,kao mohng chao,1400,Queue
10 โมงเช้า,sip mohng chao,1400,Queue
11 โมงเช้า,sip et mohng chao,1400,Queue
เที่ยงวัน,Thiang Wan,1400,Queue
บ่ายโมง,bai mohng,1400,Queue
บ่าย 2โมง,bai song mohng,1400,Queue
บ่าย 3 โมง,bai saam mohng,1400,Queue
4 โมงเย็น,sii mohng yen,1400,Queue
5 โมงเย็น,haa mohng yen,1400,Queue
6 โมงเย็น,hok mohng yen,1400,Queue
1 ทุ่ม,neung tum,1400,Queue
2 ทุ่ม,song tum,1400,Queue
3 ทุ่ม,sam tum,1400,Queue
4 ทุ่ม,sii tum,1400,Queue
5 ทุ่ม,ha tum,1400,Queue
เที่ยงคืน,thiang kuen,1400,Queue
สีขาว,အဖြူရောင်,500,Queue
สีชมพู,ပန်းရောင်,4500,Queue
สีเทา,မီးခိုးရောင်,6000,Queue
สีฟ้า,အပြာရောင်,7000,Queue
สีน้ำตาล,အညိုရောင်,6500,Queue
สีฟ้า,မိုးပြာရောင်,5000,Queue
สีม่วง,ခရမ်းရောင်,10500,Queue
สีส้ม,လိမ္မော်ရောင်,8000,Queue
สีเหลือง,အဝါရောင်,4000,Queue
สีเข้ม,အရောင်ရင့်,10600,Queue
สีอ่อน,အရောင်နု,6500,Queue
สีชมพูอ่อน,ပန်းနုရောင်,5000,Queue
มีสีดำไหม,အမဲရောင်ရှိလား,3000,Queue
ยากได้สีเหลือง,အဝါရောင်လိုချင်တယ်။,3500,Queue
ชอบสีอะไร,ဘာအရောင်ကြိုက်လဲ,4000,Queue
สีอะไรก็ได้,ဘာရောင်ဖြစ်ဖြစ်ရတယ်။,3500,Queue
กำหนด,သတ်မှတ်တယ်။,4000,Queue
เรากำหนดวันพรุ่งนี้,မနက်ဖြန် ချိန်းလိုက်ကြတယ်။,1000,Queue
เกี่ยวข้อง,ပတ်သက်တယ်။,8000,Queue
เรื่องนี้เกี่ยวข้องกับคุณ,ဒါမင်းနဲ့ဆိုင်တယ်,2400,Queue
แก้ตัว,ဆင်ခြေပေးတယ်။,4500,Queue
เขาพยายามแก้ตัว,သူဆင်ခြေပေးဖို့ကြိုးစားတယ်။,1100,Queue
กระจาย,ပျံ့နှံ့တယ်။,4500,Queue
แสงกระจายไปทั่วห้อง,အလင်းရောင်က အခန်းတစ်ခုလုံးပျံ့နှံ့သွားတယ်။,2100,Queue
กอด,ဖက်တယ်။,3000,Queue
พมอยากกอดคุณ,မင်းကို ပွေ့ဖက်ချင်တယ်,2100,Queue
กำลังใจ,စိတ်ခွန်အား,6500,Queue
ต้องหาให้เจ๊,တွေ့အောင်ရှာရမယ်။,4500,Queue
ต้องไปให้ถึง,ရောက်အောင်သွားရမယ်။,5500,Queue
ต้องกินให้หมด,ကုန်အောင်စားရမယ်။,4000,Queue
โรงงาน,အလုပ်ရုံ/စက်ရုံ,4500,Queue
ยังไงก็ได้,ဘာပဲဖြစ်ဖြစ်ရတယ်,5000,Queue
จะไปทำงาน,အလုပ်သွားလုပ်မယ်,4500,Queue
คิดว่าผมไม่รู้หรอ,ငါမသိဘူးလို့ထင်နေတာလား,3200,Queue
ไม่มีอะไรทำ,ဘာမှလုပ်စရာမရှိဘူး,3800,Queue
ไม่มีโปร,အကျိုးမရှိဘူး,2500,Queue
ไม่มีใครเอา,ယူမယ့်လူမရှိဘူး,5100,Queue
ไม่มีธุระ,ကိစ္စမရှိဘူး (အလုပ်),4200,Queue
ไม่มีตังค์แล้ว,ပိုက်ဆံမရှိတော့ဘူး,2500,Queue
ไม่มีความหวัง,မျှော်လင့်ချက်မရှိဘူး,4500,Queue
ไม่มีใครมา,ဘယ်သူမှမလာဘူး,3300,Queue
ไม่มีใครเข้าใจผม,ငါ့ကိုဘယ်သူမှ နားမလည်ဘူး,3000,Queue
ไม่มีใครเห็น,ဘယ်သူမှမမြင်ဘူး,3500,Queue
ไม่มีใครเชื่อ,ဘယ်သူမှ မယုံဘူး,3000,Queue
ศาลพระภูมิ,ခြံထောင့်နတ်ကွန်း,1500,Queue
ด่านตรวจ,စစ်ဆေးရေးဂိတ်,3500,Queue
"อา
อ่า
อ้า
อ๊า
อ๋า","Regular
Low
Falling
High
Rising",600,Queue
ประตู,တံခါး,5000,Queue
ตู้เย็น,ရေခဲသေတ္တာ,6000,Queue
เครื่องซักผ้า,အဝတ်လျှော်စက်,6500,Queue
ซักเสื้อผ้า,အဝတ်လျှော်သည်,2500,Queue
เตารีด,မီးပူ,1500,Queue
ไม้กวาด,တံမြက်စည်း,6500,Queue
พื้น,ကြမ်းပြင်,3500,Queue
หม้อหุงข้าว,ထမင်းပေါင်းအိုး,4000,Queue
กระติกน้ำร้อน,ဓါတ်ဗူး,4200,Queue
พัดลม,ပန်ကာ,4500,Queue
ไฟเรือง,မီးသီး/ချောင်း,5500,Queue
ครัว,မီးဖိုချောင်,4000,Queue
มีตู้เย็นอยู่ในครัว,မီးဖိုချောင်မှာ ရေခဲသေတ္တာရှိတယ်။,1500,Queue
แม่ครัว,စားဖိုမှူး(မ),4000,Queue
พ่อครัว,စားဖိုမှူး(ကျား),4000,Queue
เตา,မီးဖို,4000,Queue
เตาแก๊ส,ဂတ်မီးဖို,5000,Queue
หม้อ,ဒယ်အိုး,5000,Queue
หม้อข้าว,ထမင်းပေါင်းအိုး,5500,Queue
กระทะ,ကြော်အိုး,4500,Queue
ตะหลิว,ယောက်မ,6000,Queue
มีด,ဓါး,4000,Queue
มีดคมไหม,ဓါးထက်လား,1500,Queue
ชาม,ပန်းကန်လုံး,4000,Queue
กระจก,ဖန်ခွက်,4500,Queue
ช้อนและส้อม,ဇွန်းနဲ့ ခက်ရင်း,6100,Queue
ตะเกียบ,တူ,4500,Queue
ข้าว,ဆန်,4000,Queue
ข้าวสวย,ထမင်း,4000,Queue
แกง,ဟင်း,4000,Queue
วันนี้กินแกงเขียวหวาน,ဒီနေ့ ဟင်းစိမ်းစားတယ်။,1500,Queue
น้ำซุป,ဟင်းရည်,6000,Queue
ผัก,ဟင်းရွက်,4000,Queue
เนื้อ,အမဲသား,5000,Queue
เนื้อหมู,ဝက်သား,4000,Queue
กุ้ง,ပုဇွန်,4000,Queue
ปู,ဂဏန်း,4500,Queue
น้ำมัน,ဆီ,4000,Queue
เกลือ,ဆား,4000,Queue
ผงชูรส,အချိုမှုန့်,5000,Queue
น้ำปลา,ငံပြာရည်,5000,Queue
ซอส,ဆော့,5500,Queue
อาหารไทย,ထိုင်းအစားအစာ,5200,Queue
เงินไทย,ထိုင်းငွေ,5300,Queue
คนพม่า,ဗမာလူမျိုး,5000,Queue
ชาวจีน,တရုတ်လူမျိုး,6000,Queue
ภาษาจีน,တရုတ်စကား,3000,Queue
เกาหลีใต้,တောင်ကိုရီးယား,3000,Queue
ญี่ปุ่น,ဂျပန်,3000,Queue
ลาว,လာအို,3000,Queue
ไทยใหญ่,ရှမ်း,4000,Queue
กัมพูชา,ကမ္ဘောရီးယား,3500,Queue
เห็นด้วยไหม,သဘောတူပါသလား?,1000,Queue
ที่จอดรถอยู่ที่ไหน,ကားပါကင်ဘယ်မှာလဲ,2500,Queue
ผมสามารถจอดรถที่นี่ได้ไหม,ဒီနေရာကားရပ်လို့ရမလား,2000,Queue
คิด,စဥ်းစားသည်,4000,Queue
พมคิดถึงคุณ,ကိုယ်မင်းကို လွမ်းတယ်,5500,Queue
พมคิดว่ามันดี,ဒါကောင်းမယ် ထင်တယ်,4500,Queue
คิดอะไรอยู่หรอ,ဘာတွေတွေးနေတာလဲ,6500,Queue
คิดมากไปทำไม,ဘာလို့အတွေးများနေတာလဲ,6500,Queue
ไม่ต้องคิดมาก,အရမ်းမတွေးနဲ့,9000,Queue
อย่าคิดมาก,အရမ်းမတွေးနဲ့,6000,Queue
ค่อยค่อยคิด,ဖြည်းဖြည်းစဥ်းစားပါ,5500,Queue
คิดไม่เอา,မစဥ်းစားနဲ့,6000,Queue
คิดบวก หรือ คิดลบ.,အကောင်းမြင် သို့ မကောင်းမြင်သည်,5200,Queue
คิดเอาแล้ว.,စဥ်းစားလို့ရပြီ,4500,Queue
คิดเอาแล้วว่าต้องทำยังไง.,ဘာလုပ်ရမလဲ စဥ်းစားလို့ရပြီ,4300,Queue
ทำอะไรอยู่,ဘာလုပ်နေတာလဲ,7000,Queue
ทำงานอยู่,အလုပ်လုပ်နေတယ်,4500,Queue
ไม่ทำอะไร.,ဘာမှမလုပ်ဘူး,6000,Queue
กินข้าวหรือยัง,ထမင်းစားပြီးပြီလား,4000,Queue
ยังไม่ได้กิน,မစားရသေးဘူး,5000,Queue
หิวข้าวหยัง,ထမင်းဆာပြီလား,6500,Queue
หิวข้าวแล้ว,ထမင်းဆာပြီ,7000,Queue
ยังไม่หิว,မဆာသေးဘူး,5500,Queue
ไม่อยากกินอะไรเลย.,ဘာမှမစားချင်ဘူး,6500,Queue
ไปอะไร.,ဘာဖြစ်တာလဲ,8500,Queue
ของหาย.,ပစ္စည်းပျောက်တယ်,5500,Queue
ทำหายอยู่.,လိုက်ရှာနေတာ,6500,Queue
หาเจอไหม.,ရှာတွေ့လား,7000,Queue
หาไม่เจอ.,ရှာမတွေ့ဘူး,5500,Queue
ช่วยหาหน่อย.,ကူရှာပေးဦး,11000,Queue
หาให้เจอ.,တွေ့အောင််ရှာ,7000,Queue
หาเจอแล้ว.,ရှာတွေ့ပြီ,8000,Queue
วันนี้ไม่ไปทำงานแล้ว.,ဒီနေ့အလုပ်မသွားဘူးလား,6000,Queue
วันนี้วันหยุด.,ဒီနေ့နားရက်,7000,Queue
ผมควรทำอย่างไร?.,ဘာလုပ်ရင်ကောင်းမလဲ,8000,Queue
น้ำมันเบนซิน 95 เต็มถัง.,full tank of Gasoline 95,10,Queue
เท่าไร?.,how much?,10,Queue
มีตำรวจแถวนี้บ้างไหม?.,ဒီနားမှာ ရဲတွေရှိလား။,10,Queue
ตำรวจ.,ရဲ,10,Queue
ศรีภูมิ.,စီဖွန်း,1500,Queue
พระสิงห์.,ဖရားဆင်း,1500,Queue
หายยา.,ဟိုက်ယာ,1500,Queue
ช้างม่อย.,ချန်းမွိုင်,1500,Queue
ช้างคลาน.,ချန်းခလန်,1500,Queue
วัดเกต.,ဝက်ကတ်,1500,Queue
ช้างเผือก.,ချန်ဖုခ်,1500,Queue
สุเทพ.,ဆုထက်,1500,Queue
แม่เหียะ.,မဲ့ဟဲား,1500,Queue
ป่าแดด.,ပါဒဲ့,1500,Queue
หนองหอย.,နွန်းဟွိုင်,1500,Queue
ท่าศาลา.,သဲဆာလား,1500,Queue
หนองป่าครั่ง.,နွန်းပါခရန်း,1500,Queue
ฟ้าฮ่าม.,ဖာဟမ်,1500,Queue
ป่าตัน.,ပါတန်,1500,Queue
สันผีเสื้อ.,ဆန်ဖီဆု့ာ,1500,Queue
คุณช่วยอธิบายเป็นภาษาอังกฤษได้ไหม.,can you explain it in English?,1800,Queue
ผมมาจากประเทศพม่าคับ.,I am from Myanmar.,10,Queue
ผมอาศัยอยู่บนถนนห้วยแก้ว.,I am living on Huay Kaew Road,300,Queue
ใกล้กับห้างสรรพสินค้าเมญ่า.,nearby Maya Shopping Mall.,300,Queue
ผมเป็นนักออกแบบกราฟิก.,I am a graphic designer,1000,Queue
ฉันมีประสบการณ์ในสาขานี้มานานถึงสิบปี.,I have decade of experience in this field.,1000,Queue
ผมชอบอ่านหนังสือ .,I like reading book,-,Queue
ผมมักจะอ่านหนังสือเสียง.,I use to read audio-book.,500,Queue
ผมชอบท่องเที่ยว.,ခရီးသွားရတာကြိုက်တယ်,1000,Queue
ผมเคยไปรอบๆ เชียงใหม่.,ချင်းမိုင်အနှံ့လျှောက်သွားတတ်တယ်,500,Queue
ผมชอบอาหารทะเลยกเว้นปู.,ဂဏန်းကလွဲရင် ပင်လယ်စာကြိုက်တယ်။,600,Queue
ผม พูดภาษาไทยได้ไม่ค่อยเก่ง.,ထိုင်းစကား ကောင်းကောင်း မပြောတတ်ဘူး။,500,Queue
แต่กำลังพยายามอยู่ครับ.,ဒါပေမယ့် ငါကြိုးစားနေတယ်။,500,Queue
ขณะนี้ผมทำงานระยะไกลจากประเทศเมียนมาร์.,now I am working remote-jobs from Myanmar.,500,Queue
ไม่ยุติธรรม.,ဟ,"1,500",Queue
ถอดหมวก.,ဦးထုပ်ကိုချွတ်ပါ။,500,Queue
คุณชื่ออะไรครับ.,ခင်ဗျားနာမည်ဘယ်လိုခေါ်ပါသလဲ,500,Queue
คุณสบายดีไหมครับ.,နေကောင်းပါသလားခင်ဗျ,500,Queue
ผมสบายดีครับ.,ကျွန်တော်နေကောင်းပါတယ်,500,Queue
ผมไม่หิวครับ.,ကျွန်တော်ဗိုက်မဆာပါဘူး,500,Queue
ผมไม่ง่วงครับ.,ကျွန်တော်အိပ်မငိုက်ပါဘူး,500,Queue
สวัสดีครับ.,Nice to meet you!,10,Queue
ชื่อผม...ครับ.,My name is Peter.,500,Queue
ผม อายุ (your age) ปีครับ.,I am (your age) years old.,10,Queue
ผมไม่คนโสดคับ.,ကျနော်လူလွတ်မဟုတ်ပါ,1300,Queue
ผม อาศัยอยู่ที่ (your city/country) ครับ.,I live in Chiang Mai.,1000,Queue
ผม ทำงานเป็น (your job title) ครับ.,I work as a (your job title).,500,Queue
ผม ชอบอ่านหนังสือครับ.,I like to read books.,500,Queue
ผม ชอบอาหารไทยมากคับ.,I really like Thai food.,500,Queue
โดยเฉพาะอย่างยิ่ง.,အထူးသဖြင့်,2000,Queue
ภาษาไทยสวยมากเลยคับ.,Thai is a very beautiful language.,2000,Queue
ผม อยากพูดภาษาไทยเก่งๆ คับ.,I really want to speak Thai fluently.,1500,Queue
ผัดไทย.,ဖတ်ထိုင်း ဆန်ခေါက်ဆွဲကြော်,500,Queue
ต้มยำกุ้ง.,တုံယမ်းဟင်းရည်,500,Queue
ข้าวผัดสับปะรด.,နာနတ်သီးထမင်းကြော်,500,Queue
ส้มตำไทย.,ထိုင်းသင်္ဘောသီးသုပ်,500,Queue
ส้มตำลาว.,လာအိုသင်္ဘောသီးသုပ်,500,Queue
แกงมัสมั่น.,ချစ်တီးဟင်း,1500,Queue
ไก่ผัดเม็ดมะม่วง.,အစိမ်းကြော်,1000,Queue
ผัดกะเพราหมู.,ဝက်ပင်စိမ်း,500,Queue
ต้มข่าไก่.,ကြက်အုန်းနို့ဟင်း,1000,Queue
ก๋วยเตี๋ยว.,ကွေ့တယို,500,Queue
ร้านแร็คหลังคา.,ကားအမိုးပစ္စည်းတင်,1000,Queue
อะ.,"ประตู ပရ,သူး - တံခါး",5500,Queue
อั.,อังคาร အန်ခန် - အင်္ဂါ,5500,Queue
อา.,อา အာ - ဦးလေး,5500,Queue
อิ.,คิด ခိဒ် - စဥ်းစားသည်,5500,Queue
อี.,ดี ဒီ - ကောင်းကောင်း,5500,Queue
อึ.,ฝึก ဖုf(က်) - လေ့ကျင့်သည်,6000,Queue
อื.,คืน (ခူ-န်) ည,5500,Queue
อือ.,มือ မူး- - လက်,5500,Queue
อุ.,จุด ကျု့ထ် - အစက်,5500,Queue
อู.,ลูก လူး-က် - ကလေး ,6000,Queue
เอะ.,"เอะอะ အေ့အ, - ပူပန်ခြင်း",6000,Queue
เอ็.,เอ็นดู အေယ်န်ဒူး - ချစ်စရာကောင်းသော,6000,Queue
เอ.,เอกสาร အေးကဆန် - စာရွက်စာတမ်း,5500,Queue
แอะ.,และ လက် - နှင့်,5500,Queue
แอ็.,แอ็คชั่น - အယ်ချင်န်,5500,Queue
แอ.,แข่ง ခယ်း--န် - ပြိုင်ပွဲ,6000,Queue
โอะ.,โต๊ะ သို့ - စားပွဲ,5500,Queue
โอ.,โชค ချိုးဒ် - လာဘ်,6000,Queue
เอาะ.,เอาะ အော့ - လာပါ,5500,Queue
อ็อ.,อ็องรี - အောယ်နရီ,5500,Queue
ออ.,พ่อ ဖော- - အဖေ,5500,Queue
อ็.,ก็ ကော-ယ် - လည်းပဲ,5500,Queue
เออะ.,เยอะ ယဲ့ယ် - အများအပြား,5500,Queue
เออ.,เธอ ထယ်း - မ နာမ်စား,5500,Queue
เอิ.,เดิน ဒိါန်း - လျှောက်သည်,5500,Queue
เอียะ.,ปอเปี๊ยะ ပေါ်ပီးယ - ကော်ပြန့်,5500,Queue
เอีย.,เมีย မီးယား - ဇနီး,5500,Queue
เอือะ.,မရှိ,5500,Queue
เอือ.,เรือ ရူးrယျား - လှေ,5500,Queue
อัวะ.,ဝ - ငါ (တရုတ်စကား),5500,Queue
อัว.,ตัว သူး(ဝါး) - ခန္ဓာကိုယ်,6000,Queue
อว.,กวน ကိုာန် - မွှေသည်,6000,Queue
อิว.,หิว ဟိ-(ဝူ) - ဆာသည်,5500,Queue
เอ็ว.,เร็ว ရဲ(ဝူ) - မြန်သည်,5500,Queue
เอว.,เอว အေး(ဝို) - ခါး,6500,Queue
แอว.,แมว မယ်း(ဝ်) ကြောင်,6500,Queue
เอา.,เรา (ရောင်းrဝ်) ငါတို့,5500,Queue
อาว.,ขาว ခါ(ဝ်) အဖြူ,5500,Queue
เอียว.,เขียว (ခိယို(ဝ်)) အစိမ်း,5500,Queue
อัย.,วัยรุ่น ဝိုင်းယ်ရွုန်း - ဆယ်ကျော်သက်,6000,Queue
ใอ.,ใจ ကျိုင်းအ် - စိတ်,5500,Queue
ไอ.,ไม่ မိုင်အ် - အငြင်းဝါကျ,5500,Queue
ไอย.,ไทย ထိုင်း(ယ်) - ထိုင်း,5500,Queue
อาย.,อาย အိုာင်းယ် - ရှက်သည်,5500,Queue
อ็อย.,อ็อย အွိုင်း(ယ်) - ဆီ (အင်္ဂလိပ်မွေးစား),5500,Queue
ออย.,ลอย လွေိုင်းယ် - မျောသည်,6500,Queue
โอย.,โดย ဒိုးဝ်ယ် - အားဖြင့်,5500,Queue
อุย.,คุย ခူးယ် - ပြောသည်,6500,Queue
เอย.,เคย ခေး(ယ်) အမြဲတမ်း,5500,Queue
อวย.,สวย ဆို(ဝေယ်) - လှပသည်,5500,Queue
เอือย.,เอือย အူး(ဝေးယ်) - ပျင်းသည်,5500,Queue
อำ.,ทำ (ထမ်) - လုပ်သည်,5500,Queue
ฤ.,ฤดู ရစ်rဒူ - ဥတု,5500,Queue
ฤา.,ฤา ရူr - သို့မဟုတ်,5500,Queue
ฦ.,ฦทธิ์ လက်ရစ်r - အစွမ်း,6500,Queue
ฦา.,ฦาชา လာချာ - ဘုရင်,5500,Queue
อํ.,ปุริสํ ပူရိဆံ - ဆီး,5500,Queue
อ์.,จอห์น ကျွေန်,5500,Queue
บวก.,အပေါင်းလက္ခဏာ (+),500,Queue
สีทาลา.,color for the donkey,1200,Queue
งูมีจอ.,snake has the screen,1200,Queue
จอดูนา.,dog see the field,1200,Queue
อาพามา.,uncle brings me,1200,Queue
ดูกาชา.,look at the tea pot,1200,Queue
แน่นอน.,ဒါပေါ့,3000,Queue
อื่น.,နောက်တစ်ခု,100,Queue
แต่.,ဒါပေမယ့်,500,Queue
และก็.,နောက်ပြီးတော့,500,Queue
และ.,နှင့်,500,Queue
เลย.,လုံးဝ,500,Queue
เพราะ.,အဘယ်ကြောင့်ဆိုသော်,2500,Queue
ผมขอเข้าไปได้ไหม.,ဝင်ခွင့်ပြုပါ,1300,Queue
ผมชอบว่ายน้ำ.,ရေကူးရတာကြိုက်တယ်,1500,Queue
ผมว่ายน้ำทุกวัน.,ရေနေ့တိုင်းကူးတယ်,500,Queue
ยกเว้นวันนี้ กูไม่ว่าง.,ဒီနေ့ကလွဲရင် ကျွန်တော် အလုပ်ရှုပ်တယ်။,d,Queue
หนึ่ง .,လဲ့နင်,2500,Queue
สอง.,လဲ့ဆောင်,2500,Queue
สาม .,လဲ့ဆာမ်,2500,Queue
สี่ .,လဲ့ဆီ,2500,Queue
ห้า .,လဲ့ဟ,2500,Queue
หก .,လဲ့ဟွတ်,2500,Queue
เจ็ด .,လဲ့ကျတ်,2500,Queue
แปด .,လဲ့ပတ်,2500,Queue
เก้า .,လဲ့ကောင့်း,2500,Queue
สิบ .,လဲ့ဆစ်ပ်,2500,Queue
สิบ-เอ็ด .,လဲ့ဆစ်ပ်အက်,2500,Queue
สิบสอง .,လဲ့ဆစ်ပ်အောင်,10,Queue
สิบสาม .,လဲ့ဆစ်ပ်ဆာမ်,10,Queue
สิบห้า .,လဲ့ဆစ်ပ်ဆီ,10,Queue
สิบห้า .,လဲ့ဆစ်ပ်ဟ,10,Queue
สิบหก .,လဲ့ဆစ်ပ်ဟွတ်,10,Queue
สิบเจ็ด .,လဲ့ဆစ်ပ်ကျတ်,10,Queue
สิบแปด .,လဲ့ဆစ်ပ်ပတ်,10,Queue
สิบเก้า .,လဲ့ဆစ်ပ်ကောင့်း,10,Queue
ยี่-สิบ .,လဲ့ယိဆစ်ပ်,2500,Queue
หัวหน้าห้อง.,အတန်းခေါင်းဆောင်,2000,Queue
ชั้น.,အလွှာ,10,Queue
มกราคม.,ဇန်နဝါရီ,6400,Queue
กุมภาพันธ์.,ဖေဖော်ဝါရီ,6400,Queue
มีนาคม.,မတ်,6400,Queue
เมษายน.,ဧပြီ,6400,Queue
พฤษภาคม.,မေ,6400,Queue
มิถุนายน.,ဇွန်,6400,Queue
กรกฎาคม.,ဇူလိုင်,6400,Queue
สิงหาคม.,သြဂုတ်,6400,Queue
กันยายน.,စက်တင်ဘာ,6400,Queue
ตุลาคม.,အောက်တိုဘာ,6400,Queue
พฤศจิกายน.,နိုဝင်ဘာ,6400,Queue
ธันวาคม.,ဒီဇင်ဘာ,6400,Queue
สนามบิน.,လေဆိပ်,1000,Queue
สระว่ายน้ำ.,ရေကူးကန်,2000,Queue
ม้านั่ง.,ခုံတန်းလျား,7000,Queue
คุณสามารถนั่งบนม้านั่งตัวนี้ได้.,ဒီခုံမှာထိုင်နိုင်ပါတယ်။,1300,Queue
ทะเลสาบ.,ရေကန်,3000,Queue
น้ำนม.,နို့,3000,Queue
พัดลม.,ပန်ကာ,4500,Queue
เตียง.,အိပ်ရာ,2000,Queue
เข็มขัด.,ခါးပတ်,2500,Queue
ลำโพง.,စပီကာ,2500,Queue
หมอน.,ခေါင်းအုံး,2000,Queue
ผ้าห่ม.,စောင်,1500,Queue
ต้องการผ้าห่ม.,စောင်တထည်လိုတယ်,1500,Queue
ตู้เสื้อผ้า.,ဗီဒို,3800,Queue
ถ้วย.,ခွက်,2500,Queue
ทันตแพทย์.,သွားဆရာဝန်,4000,Queue
คลินิกทันตกรรม.,သွားဆေးခန်း,2500,Queue
ศีรษะ.,ခေါင်း,1000,Queue
หมวก.,ဦးထုပ်,3000,Queue
สัก.,တက်တူး,1000,Queue
อยากสักรูปสิงโตที่หลัง.,နောက်ကျောမှာ ခြင်္သေ့ပုံတက်တူးထိုးချင်တယ်။,1000,Queue
รองเท้าผ้าใบ.,စနိကာ,3000,Queue
กระดาน.,သင်ပုန်း,2500,Queue
เก่า หรือใหม่.,အဟောင်း သို့ အသစ်,3600,Queue
นี่คือพาสปอร์ตเล่มใหม่ครับ.,ဒါ ပတ်စ်ပို့အသစ်ပါ။,800,Queue
ด่วน.,သတိ,500,Queue
วันเกิดของผมคือวันที่ ๒๙ มกราคม พ.ศ. ๒๕๓๐.,ကျနော့်မွေးနေက ၂၉ ရက်နေ့ ဇန်နဝါရီ (ဗုဒ္ဓနှစ်)၂၅၃၀,300,Queue
ลีลาวดี ลั่นทม.,တရုတ်စကားပန်း,500,Queue
รวบแล้ว.,ဖမ်းနေပြီ။,500,Queue
ไม่แพง.,ဈေးမကြီးဘူး,1000,Queue
ค่อนข้างถูก.,တန်တယ်,3100,Queue
ใหญ่ หรือ เล็ก.,ကြီး သို့ သေးသော,3100,Queue
เนื้อเปื่อย.,အမဲသားပေါင်း,500,Queue
สูง หรือ เตี้ย.,ရှည်သော သို့ တိုသော (အမြင့်),3500,Queue
ยาว และ สั้น.,ရှည် နှင့် တိုသော (အကုန်သုံး),1500,Queue
บางอันยาว บางอันสั้น.,တချို့က ရှည်တယ်၊ တချို့က တိုတယ်။,2500,Queue
น้อยหรือมาก.,နည်း သို့ များသော,300,Queue
กว้าง หรือ แคบ.,ကျယ် သို့ ကျဥ်းသော,4400,Queue
สูง และ แข็งแรง.,အရပ်ရှည်ပြီး သန်မာတယ်,3700,Queue
สูงกว่าผม.,ကျနော့်ထက်ရှည်တယ်,800,Queue
เตี้ยกว่าผม.,ကျနော့်ထက်ပုတယ်,800,Queue
อายุมากกว่าผม.,ကျနော့်ထက်ကြီးတယ်,1000,Queue
อายุน้อยกว่าผม.,ကျနော့်ထက််ငယ်တယ်,800,Queue
ยางรัด.,သားရေကွင်း,1500,Queue
ลายมือชื่อ.,လက်မှတ်,3100,Queue
สำนักงาน.,ရုံး,2500,Queue
เปิด หรือ ปิด.,ဖွင့်သော သို့ ပိတ်သော,4000,Queue
ร้อน หรือ เย็น.,ပူသော သို့ အေးသော,2000,Queue
หวาน หรือ เปรี้ยว.,ချိုသော သို့ ချဥ်သော,2000,Queue
ทางเท้า.,ပလက်ဖောင်း,5000,Queue
ช้าหรือเร็ว.,အနှေး သို့ အမြန်,8000,Queue
มะพร้าว.,အုန်းသီး,3000,Queue
ท้องฟ้าและเมฆ.,ကောင်းကင်နဲ့ တိမ်,2100,Queue
แม่น้ำและดอกไม้.,ပန်းနဲ့ မြစ်,2500,Queue
สว่าง หรือ มืด.,အလင်း သို့ အမှောင်,4000,Queue
หนัก หรือ เบา.,အလေး သို့ အပေါ့,5700,Queue
ดัง หรือ เงียบ.,အကျယ် သို့ အတိုး,4000,Queue
นั่ง หรือ ยืน.,ထိုင် သို့ ထ,5500,Queue
เดินหรือวิ่ง.,လျှောက် သို့ ပြေး,7500,Queue
ป่าและน้ำตก.,တောနှင့် ရေတံခွန်,1000,Queue
เหนื่อยแต่มีความสุข.,ပင်ပန်း ပေမယ့် ပျော်တယ်,1500,Queue
มะม่วงหรือสับปะรด.,သရက်သီး သို့မဟုတ် နာနတ်သီး,1000,Queue
กล้วย.,ငှက်ပျောသီး,3000,Queue
ต้นกล้วย.,ငှက်ပျောပင်,500,Queue
ต้นสน.,ထင်းရှူးပင်,1000,Queue
เขาจาม.,နှာချေသည်,2000,Queue
ผมจามตลอดเวลา.,ကျနော်တစ်ချိန်လုံး နှာချေတယ်။,1500,Queue
ผมคิดตลอดเวลา.,ကျနော်တချိန်လုံးစဉ်းစားတယ်,1500,Queue
เขาหิวตลอดเวลา.,သူတချိန်လုံး ဗိုက်ဆာနေတယ်။,300,Queue
เจ้าของบ้าน.,အိမ်ရှင်,500,Queue
ไกล้หมดอายุแล้ว.,သက်တမ်းကုန်တော့မယ်,500,Queue
ค่าประกัน.,စပေါ်,2500,Queue
ค่ามัดจำ.,စရံ,3500,Queue
หัวล้าน.,ကတုံး,2500,Queue
ไข่ต้ม.,ဥပြုတ်,2000,Queue
ไข่ดาว.,ဟက်ဘွိုင်,2000,Queue
ไข่เจียว.,အချပ်ကြော်,2000,Queue
ไข่คน.,မွှေကြော်,5000,Queue
เปิดพัดลม.,ပန်ကာကိုဖွင့်ပါ,1000,Queue
วัดพุทธ.,ဘုရားတန်ဆောင်း,1500,Queue
อ่างเก็บน้ำอันคะเว่อ.,အန်ခရော ရေလှောင်တမံ,3000,Queue
อาราม.,ဘုန်းကြီးကျောင်း,1000,Queue
ยาสีฟันและแปรงสีฟัน.,သွားတိုက်ဆေးနှင့် သွားပွတ်တံ,2000,Queue
โรงพยาบาล.,ဆေးရုံ ,1000,Queue
โรงแรม.,ဟိုတယ်,1000,Queue
ห้องเรียน.,စာသင်ခန်း,1000,Queue
นักเรียน.,ကျောင်းသား,1000,Queue
พยัญชนะสะกด.,Final Consonants,1000,Queue
ไม้ไผ่.,ဝါးပင်,3000,Queue
ดอกทานตะวัน.,နေကြာပန်း,4500,Queue
แกงหมู.,ဝက်သားဟင်း,500,Queue
คลังเก็บเอกสารสำคัญ.,မော်ကွန်း,1000,Queue
ไป กรุงเทพฯ เมื่อวานนี้.,မနေ့က ဘန်ကောက်ကို သွားခဲ့တယ်,1000,Queue
กิน ข้าว ผัด เมื่อเช้า.,ဒီမနက်ထမင်းကြော်စားခဲ့တယ်,1000,Queue
ดื่ม น้ำ ผลไม้ เมื่อบ่าย.,နေ့ခင်းဘက် သစ်သီးဖျော်ရည်သောက်တယ်။,500,Queue
ผมนอนหลับเมื่อคืน.,မနေ့ညက ကောင်းကောင်းအိပ်တယ်။,2000,Queue
ผมนั่งรถเมล์ เมื่อวาน.,မနေ့က ဘတ်စ်ကားစီးတယ်။,1000,Queue
ผมยืนรอเพื่อนเมื่อเช้า.,ဒီမနက် သူငယ်ချင်းကို ရပ်စောင့်နေတယ်။,1000,Queue
ผมพูดภาษาไทยไม่เก่งเมื่อก่อน.,ထိုင်းစကား ကောင်းကောင်း မပြောတတ်ဘူး။,500,Queue
ผมฟังเพลงเมื่อคืน.,မနေ့ညက သီချင်းနားထောင်တယ်။,500,Queue
ผมทำงานเสร็จเมื่อวาน.,မနေ့က ငါအလုပ်ပြီးတယ်။,500,Queue
ผมชอบกินไอศกรีมเมื่อก่อน.,ရေခဲမုန့်စားရတာ ကြိုက်တယ်။,500,Queue
หนึ่งลาเต้ร้อนคับ.,"One hot latte, please.",1000,Queue
กิน และ ดื่ม.,စားဖို့နဲ့ သောက်ဖို့,10400,Queue
นอน และ ตื่น.,အိပ်နဲ့ ထ,10000,Queue
รายการสิ่งที่ต้องทำ.,လုပ်ရန်စာရင်း,1700,Queue
ส้มและองุ่น.,လိမ္မော်သီးနဲ့ စပျစ်သီး,1300,Queue
บทที่.,အခန်း (သင်ခန်းစာ),2500,Queue
รถ หรือ จักรยาน.,ကား သို့ စက်ဘီး,1000,Queue
ออกกําลังกายมากขึ้น.,အားကစားများများလုပ်ပါ,2000,Queue
มานีมีตา.,မာနီမှာ မျက်လုံးရှိတယ်,500,Queue
กา มี ตา.,ကျီးမှာ မျက်လုံးရှိတယ်,500,Queue
อามีตา.,ဦးလေးမှာ မျက်လုံးရှိတယ်,500,Queue
แบบฝึก.,လေ့ကျင့်ခန်း,1000,Queue
ให้อ่านว่า.,ဒီလိုလေးဖတ်ကြစို့,1000,Queue
กินกันเถอะ.,အတူစားကြစို့,1500,Queue
มาและไป.,လာ နဲ့ သွား,1000,Queue
มือและขา.,လက် နဲ့ ခြေ,1000,Queue
ให้และเอา.,ပေး နဲ့ ယူ,2000,Queue
นาและข้าว.,လယ် နဲ့ စပါး,600,Queue
หูและปาก.,နားနဲ့ ပါးစပ်,1000,Queue
ตี และ ขีด.,ရိုက်ပြီး ခြစ်တယ်။,1500,Queue
ปูและกุ้ง.,ဂဏန်းနဲ့ ပုဇွန်,500,Queue
เหล้าและน้ำเปล่า.,အရက်နဲ့ ရေ,500,Queue
หาและพา.,ရှာပြီးယူပါ။,1000,Queue
ปา.,(အမှိုက်)ပစ်သည်,500,Queue
อย่าปาขยะ.,အမှိုက်မပစ်ရ။,1500,Queue
ตาปู.,ဂဏန်းမျက်လုံး/ အချွန်,500,Queue
ปูนา.,လယ််ဂဏန်း,500,Queue
หูตา.,နား၊ မျက်လုံး,500,Queue
ตีตาปู.,ဂဏန်းရဲ့မျက်လုံးကို ပုတ်တယ်/ သံရိုက်တယ်,500,Queue
สบู่ และ แชมพู.,ဆပ်ပြာနဲ့ ခေါင်းလျှော်ရည်,500,Queue
มีปูนามา.,ဂဏန်းလာနေတာရှိတယ်,500,Queue
รูปู.,ဂဏန်းကျင်း,1000,Queue
ลมและฝน.,လေနဲ့ မိုး,1400,Queue
เบาหรือดัง.,တိုးတိုး သို့ ကျယ်ကျယ်,1800,Queue
ตาโต.,မျက်လုံးကြီး,1000,Queue
โมโห.,ဒေါသထွက်သော,1000,Queue
กากี.,ကာကီရောင်,500,Queue
อีกา.,ကျီီး,1500,Queue
อารี.,စိတ်ကောင်းရှိသော,1500,Queue
มีโมโห.,ဒေါသရှိတယ်,500,Queue
โตตาดี.,မျက်လုံးကြီီးကောင်း,500,Queue
มีหูมีตา.,နား၊ မျက်လုံးရှိတယ်,500,Queue
สีเทา.,မီးခိုးရောင်,500,Queue
ชูใจ.,အားတင်းသည်,2500,Queue
ดีใจ.,ပျော်ရွှင်သည်,2000,Queue
มีใจ.,ခံစားသည်,1500,Queue
คู่ใจ.,ချစ်သူ,3500,Queue
มีในใจ.,စိတ်ထဲမှာရှိတယ်,1500,Queue
เอาใจ.,ဂရုစိုက်သည်,1000,Queue
เอาใจเขา .,သူ့ကိုဂရုစိုက်ပေးသည်,500,Queue
ดูใจ.,(အတွင်း)စိတ်ကိုကြည့်,500,Queue
เอาใจเรา.,ငါ့တို့ကို ဂရုစိုက်ပါ,1000,Queue
ใจดํา.,အနက်ရောင်နှလုံးသား,500,Queue
ใจดี.,ကြင်နာသည်,300,Queue
ก็.,လည်းပဲ,500,Queue
ไวไว.,မြန်မြန်,500,Queue
ชาดี.,လက်ဖက်ရည်ကောင်းတယ်,500,Queue
สีใด.,ဘာရောင်လဲ,500,Queue
ใสดี.,ကြည်ကြည်ကောင်းကောင်း,500,Queue
พาไป.,ယူဆောင်သွားသည်,500,Queue
ไปปีใด.,ဘယ်နှစ််ကိုသွားလဲ,1000,Queue
ไปที่ไร.,ဘယ်သွားလဲ,500,Queue
สีใสใส.,ကြည််ကြည်လေး,500,Queue
พาไปที่.,...နေရာကိုယူသွားတယ်,500,Queue
ถู.,ပွတ်သပ်သည်,1500,Queue
ไต.,ကျောက်ကပ်,1000,Queue
เตา.,မီးဖို,500,Queue
แตงโม และ ลําไย.,ဖရဲသီးနဲ့ လေချူသီး,1000,Queue
เมา.,အရက်မူးသည်,1000,Queue
ขี.,မစင်,500,Queue
โข.,အလွန်,500,Queue
เขาแก่โขแล้ว.,သူက အသက်အရမ်းကြီးတယ်။,1000,Queue
สายหรือเร็ว.,နောက်ကျ သို့ စောသော,2500,Queue
จะปะ.,သွားမလား,500,Queue
จะไป.,သွားမယ်,500,Queue
จะดู .,ကြည့်မယ်,500,Queue
ชะนี.,မျောက်လွှဲကျော်,1500,Queue
หาเหา.,ခြများကိုရှာပါ။,1000,Queue
ในเตา.,မီးဖိုအထဲမှာ,1500,Queue
มีเงา.,အရိပ်ရှိသည်,1000,Queue
ร้านอะไหล่มอไซค์.,ဆိုင်ကယ်အပိုပစ္စည်းဆိုင်,500,Queue
เสาโต.,တိုင်အကြီး,1500,Queue
ถูกะทะ.,ဒယ််ကိုပွတ်တိုက်သည်,1000,Queue
เถามะระ.,ကြက်ဟင််းခါးနွယ်,1500,Queue
เอาจะไอ.,ချောင်းဆိုးဦးမယ်,1000,Queue
เขาไถนา.,ထွန်ရေးလယ်,2500,Queue
ไถไปไวไว.,မြန်မြန်ထွန်,1500,Queue
เอาขาถู.,ခြေကိုပွတ်,1000,Queue
เดาดูที่.,ဘယ်မှာလဲ ခန့်မှန်းကြည့်,1000,Queue
หาเสามา.,တိုင်ရှာသွား,1000,Queue
ในนาเรา.,တို့လယ်မှာ,500,Queue
สีเทาเทา.,မွဲမွဲလေး,500,Queue
เกาไวไว.,မြန်မြန်ကုတ်,1000,Queue
ในรูงู.,မြွေကျင်းထဲမှာ,500,Queue
เทยา ทายา.,ဆေးလောင်းချသည်/ဆေးလိမ်းသည်,1000,Queue
เอาขาเกา.,ခြေနဲ့ကုတ်သည်,1500,Queue
ตาดํา.,မျက်လုံးနက်,500,Queue
ทํานา.,လယ်လုပ်သည်,1000,Queue
พาไป.,သွားယူသည်,500,Queue
นาที.,မိနစ်,500,Queue
ขําดี.,ရယ်ရသော,1000,Queue
หนังเรื่องนี้ขำดี .,ဒီရုပ်ရှင်က ရယ်ရတယ်,1000,Queue
มีรํา.,ကသည်,1000,Queue
นาดํา.,(အမည်းရောင်) လယ်ကွင်း,500,Queue
จําคํา.,စာလုံးကို မှတ်မိသည်,1000,Queue
จําเจ.,ပျင်းစရာ,1000,Queue
ทําจําเจ.,ပျင်းစရာကောင်းအောင်လုပ်သည်,600,Queue
เกเร.,ဆိုးသွမ်းသော,1000,Queue
เรไร.,ဓါးခုတ်ကောင်,1500,Queue
โมเม.,ထင်မြင်သည်,1500,Queue
เขาชอบโมเมเรื่องที่ไม่จริง.,သူက မမှန်တဲ့ ဇာတ်လမ်းတွေကို ဖန်တီးရတာ ကြိုက်တယ်။,500,Queue
โยเย.,ဂျီကျ,1000,Queue
แฟนผมชอบโยเยเวลางอน.,ကျနော့်ကောင်မလေးက စိတ်ဆိုးတဲ့အခါ ဂျီကျတတ်တယ်။,500,Queue
ชาดํา.,လက်ဖက်ရည်ကြမ်း,1000,Queue
กํายํา.,ခိုင်မာသည်,1000,Queue
เขาเป็นผู้ชายกำยำมาก.,သူက အရမ်းသန်မာတဲ့လူတစ်ယောက်ပါ။,500,Queue
ตํารา.,ကျောင်းသုံးစာအုပ်,1000,Queue
หนังสือ.,စာအုပ်,500,Queue
สมุด.,မှတ်စုစာအုပ်,1000,Queue
ห้องสมุด.,စာကြည့်တိုက်,500,Queue
งาดํา.,နှမ်းနက်,1500,Queue
จําปี.,စကားပန်း,1300,Queue
กําไร.,အကျိုးအမြတ်,1500,Queue
ทํากําไร.,အမြတ်ထုတ်ပါ။,1000,Queue
นําไป.,ယူသွားသည်,1500,Queue
ตะไบ.,တံစည်း,2000,Queue
กาสีดํา.,ကျီးမဲ,500,Queue
รําดีดี.,ကောင်းကောင်းက,1000,Queue
ขากํายํา.,ခြေတောင့်တောင့်,1000,Queue
เทกะทะ.,အိုးထဲကိုလောင်းထည့်သည်,500,Queue
จะทําดี.,ကောင််းတာလုပ်မယ်,500,Queue
ตาสีดํา.,မျက်လုံးနက်,500,Queue
ถูเบาเบา.,သာသာပွတ်,1000,Queue
ดูเขาทํานา.,သူ့လယ်ကိုစစ်,600,Queue
ทายาสีดํา.,ဆေးအမည်းကိုလိမ်း,500,Queue
ง่ายหรือยาก.,လွယ်သို့ ခက်သော,1500,Queue
เคยเป็น.,ဖြစ်ခဲ့သည်,500,Queue
อันนี้ชั่วภาษาไทยเรียกว่าอะไรคับ.,ဒါကို ထိုင်းလိုဘယ်လိုခေါ်,500,Queue
โทรศัพท์.,ဖုန်း,500,Queue
กระดาษ.,စာရွက်,1000,Queue
ยากจน หรือ รวย.,ဆင်းရဲ သို့ ချမ်းသာသော,4500,Queue
หล่อ.,ချောမောသော,500,Queue
กระเทย.,လေဒီဘွိုင်း,10,Queue
ใครเป็นเพื่อนของคุณ.,ဘယ်သူက မင်း သူငယ်ချင်းလဲ,300,Queue
เธอเป็นเพื่อนของผม.,သူမက ကျနော့်သူငယ်ချင်း,300,Queue
ผมไม่รู้คับ.,ကျနော် မသိပါဘူး။,800,Queue
คราวหน้า.,နောက်အကြိမ်,1800,Queue
วันนี้ ฝน ตก.,ဒီနေ့ မိုးရွာတယ်,700,Queue
เมื่อวานลมแรง.,မနေ့က လေတိုက်တယ်,2000,Queue
ตอนเย็นมันก็แวว.,ညနေပိုင်း နေပူတယ်,1500,Queue
พรุ่งนี้จะหนาว.,မနက်ဖြန် အေးလိမ့်မယ်,1500,Queue
เดือนนี้ฝนจะตกหนักมาก.,ဒီီလ မိုးကောင်းမယ်,2000,Queue
หลังเลิกเรียน.,ကျောင်းဆင်းရင်,800,Queue
นวดไทย.,ထိုင်းအနှိပ်ခန်း,1000,Queue
ไปแล้ว.,ထွက်သွား,300,Queue
ครึ่ง.,တဝက်,300,Queue
จะไปไหนคับ.,ဘယ်သွားမလို့လဲ,300,Queue
กินข้าวหรือยัง.,စားပြီးပြီလား,300,Queue
กินแล้วคับ.,စားပြီးပြီ,300,Queue
ไม่เป็นไรคับ.,ရပါတယ်,300,Queue
หมูย่าง.,ဝက်ကင်,1600,Queue
นักข่าว.,ဂျာနယ်လစ်,300,Queue
นักแปล.,ဘာသာပြန်သူ,300,Queue
วิศวกร.,အင်ဂျင်နီယာ,300,Queue
พยาบาล.,သူနာပြု,300,Queue
หมอ.,ဆရာဝန်,300,Queue
ครู.,ဆရာ,10,Queue
ต่อไป.,နောက်,300,Queue
จาก.,မှ,400,Queue
กลับไป.,ပြန်သွား,300,Queue
อันนู.,ထိုအရာ,300,Queue
อันนู้น.,ဟိုးအဝေးကအရာ,300,Queue
เนื้อแกะ.,သိုးသား,300,Queue
เนื้อแพะ.,ဆိတ်သား,300,Queue
นิมนต์.,ကြွပါဘုရား,700,Queue
หลวงพี่.,ကြွပါဘုရား (ကိုယ့်ထက်ကြီး),700,Queue
หลวงพ่อ.,ကြွပါဘုရား (အဖေ့ထက်ကြီး),700,Queue
น่ารัก.,ချစ်စရာကောင်းသော,800,Queue
ที่รัก.,အချစ်ရေ,800,Queue
มีสงครามกลางเมืองในพม่า.,ဗမာပြည်မှာ ပြည်တွင်းစစ်ဖြစ်နေတယ်,2200,Queue
ผมเข้ามาคับ.,ဝင်လာပြီနော်,300,Queue
คุณมาจากไหน.,ဘယ်ကလာလဲ,300,Queue
ช่างไม้.,လက်သမား,800,Queue
ดอกบัว.,ကြာပန်း,500,Queue
ศีรษะ.,ခေါင်း,300,Queue
ร่างกาย.,ကိုယ်လုံး,300,Queue
ป้ายรถเมล์.,ကားမှတ်တိုင်,1300,Queue
ร้านขายยา.,ဆေးဆိုင်,1500,Queue
ปั้มน้ำมัน.,ဆီဆိုင်,500,Queue
ตลาด.,ဈေး,300,Queue
ธนาคาร.,ဘဏ်,2500,Queue
ร้านอาหาร.,စားသောက်ဆိုင်,500,Queue
หูฟัง.,နားကျပ်,600,Queue
ขอสายชาร์จ.,ဖုန်းအားသွင်းကြိုး ရမလား,2200,Queue
แป๊บนึงได้ไหม.,ခဏငှားလို့,1800,Queue
คอมพิวเตอร์.,ကွန်ပြူတာ,300,Queue
พาวเวอร์แบงค์.,ပါဝါဘန့်,300,Queue
ทิชชู่ .,တစ်ရှူး,300,Queue
ไมโครโฟน.,မိုက်,300,Queue
ไม้จิ้มฟัน.,သွားကြားထိုးတံ,800,Queue
หลังคา และ หน้าต่าง.,အမိုးနဲ့ ပြတင်းပေါက်,7500,Queue
ระเบียง.,ဝရံတာ,2100,Queue
ทำงานหนัก.,ကြိုးစားသည်,300,Queue
โคมไฟ.,မီးစလောင်း,1000,Queue
ลิ้นชัก.,အံ့ဆွဲ,1500,Queue
โทรทัศน์.,တီဗွီ,800,Queue
ถังขยะ.,အမှိုက်ပုံး,300,Queue
คำศัพท์.,ဝေါဟာရ,3500,Queue
ซ้ายหรือขวา.,ဘယ်် သို့ ညာ,300,Queue
ภายในหรือภายนอก.,အတွင်း သို့ အပြင်မှာ,2300,Queue
ล้างในกับนอกด้วยครับ.,အတွင်းရောအပြင်ရော ဆေးပေးပါ,500,Queue
เปลี่ยน.,ကွေ့သည်,800,Queue
ตรงไป.,တည့်တည့်သွား,300,Queue
ด้านบนหรือด้านล่าง.,အပေါ် သို့ အောက်မှာ,2500,Queue
ที่นั่นหรือที่โน่น.,ဟိုမှာ သို့ ဟိုးမှာ,500,Queue
ด้านหน้า หรือ ด้านหลัง.,ရှေ့ သို့ နောက်မှာ,1000,Queue
ตะวันออก และ ตะวันตก .,အရှေ့နဲ့ အနောက်,1700,Queue
ใต้ และเหนือ.,တောင်နဲ့ မြောက်,2000,Queue
เลข.,နံပါတ်,300,Queue
ถนน.,လမ်း,300,Queue
ทางด่วน.,အမြန်လမ်း,2500,Queue
ซอย.,ဘလောက် သို့ လမ်းကြား,300,Queue
ทางแยก.,လမ််းဆုံ,2500,Queue
หมู่.,ကျေးရွာအုပ်စု,300,Queue
เมือง.,မြို့,300,Queue
จังหวัด.,ပြည်နယ်,1000,Queue
อำเภอ.,ခရိုင်,1500,Queue
ตำบล.,ခရိုင််ခွဲ,2000,Queue
ยำหูหมู.,ဝက်နားရွက်သုပ်,1000,Queue
ยำหมูยอ.,ဝက်အူချောင်းသုပ်,1000,Queue
ยำวุ้นเส้น.,ကြာဇံသုပ်,3000,Queue
ยำปูม้า.,ကဏန်းအစိမ်းသုပ်,2000,Queue
ยำตีนไก่.,ကြက်ခြေထောက်သုပ်,2000,Queue
ยำลูกชิ้น.,အသားလုံးသုပ်,1000,Queue
ยำไส้วัว.,အမဲအူသုပ်,2500,Queue
ยำขนมจีน.,မုန့်တီသုပ်,500,Queue
ยำกุ้งสด.,ပုဇွန်အစိမ်းသုပ်,500,Queue
ยี่เป็ง.,မီးပုံးပျံပွဲ,500,Queue
โคมลอย.,မီးပုံး,1000,Queue
เครื่องบิน.,လေယာဥ်ပျံ,300,Queue
รถไฟฟ้า.,ကောင်းကင်ရထား,800,Queue
เรือ.,လှေ,300,Queue
รถไฟฟ้าใต้ดิน.,မြေအောက်ရထား,300,Queue
มอเตอร์ไซค์.,ဆိုင်ကယ်,300,Queue
รถตู้.,ဗင်ကား,1000,Queue
รถแดง.,လိုင်းကားနီ,300,Queue
ห้องนอน.,အိပ်ခန်း,800,Queue
เจ็บปวด.,နာကျင်သည်,5700,Queue
เจ็บนิดหน่อย.,နည်းနည်းပဲနာတယ်,500,Queue
ปลุก.,နှိုးစက်,2500,Queue
เขียน และ อ่าน.,စာရေးနဲ့ စာဖတ်,2500,Queue
การบ้าน.,အိမ််စာ,1500,Queue
วันเกิด.,မွေးနေ့,300,Queue
คุณเกิดวันอะไร.,ခင်ဗျားဘယ်နေ့ဖွားလဲ,700,Queue
เกิดวันพฤหัสบดี.,ကြာသာပတေးနေ့မှာမွေးတယ်,500,Queue
วันนี้เป็นวันอะไรคับ.,ဒီနေ့ဘာနေ့လဲ,400,Queue
วันจันทร์.,တနင်္လာနေ့,3500,Queue
วันอังคาร.,အင်္ဂါနေ့,3500,Queue
วันพุธ.,ဗုဒ္ဓဟူးနေ့,3500,Queue
วันพฤหัสบดี.,ကြာသပတေးနေ့,3500,Queue
วันศุกร์.,သောကြာနေ့,3500,Queue
วันเสาร์.,စနေနေ့,3500,Queue
วันอาทิตย์.,တနင်္ဂနွေနေ့,3500,Queue
รายสัปดาห์.,အပတ်စဉ်,4500,Queue
อาทิตย์นี้.,ဒီအပတ်,5000,Queue
อาทิตย์หน้า.,နောက်တပတ်,3500,Queue
อาทิตย์ที่ผ่านมา.,လွန်ခဲ့တဲ့အပတ်,3200,Queue
หนึ่งสัปดาห์มีเจ็ดวัน.,၁ ပတ်မှာ ၇ ရက်ရှိတယ်,4500,Queue
ผมเคยฟังหนังสือเสียงจากยูทูป.,ယူကျူ့ကနေ Audiobook တွေ နားထောင်တယ်,500,Queue
ตอนนี้.,အခု,2500,Queue
วันนี้.,ဒီနေ့,500,Queue
เมื่อวาน.,မနေ့က,4000,Queue
เมื่อวานนี้.,တနေ့က,500,Queue
พรุ่งนี้.,မနက်ဖြန်,2000,Queue
วันมะรืนนี้.,သန်ဖက်ခါ,800,Queue
ที่แล้ว.,တုန်းက,800,Queue
ไวยากรณ์.,သဒ္ဒါ,3700,Queue
แผนที่.,မြေပုံ,5000,Queue
กษัตริย์.,ဘုရင်,3000,Queue
ศาสนา.,သာသနာ,300,Queue
ภาพถ่าย และ วิดีโอ.,ဓါတ်ပုံ နဲ့ ဗီဒီယို,800,Queue
ที่สุดในโลก.,ကမ္ဘာပေါ်မှာ .. ဆုံး,500,Queue
สามวันอาทิตย์ที่แล้ว.,သုံးပတ်အရင်က,1000,Queue
สี่วันอาทิตย์ที่นะ.,လေးပတ်နောက်,1500,Queue
Mun.,ဖြစ်ကောင်းဖြစ်,500,Queue
ท่าเทียบเรือ.,ဆိပ်ခံတံတား,1100,Queue
โต๊ะและเก้าอี้.,စားပွဲနဲ့ ကုလားထိုင်,5000,Queue
ถักเปีย.,ကျစ်ဆံမြီး,800,Queue
ขยะ.,အမှိုက်,500,Queue
รถไฟ.,မီးရထား,800,Queue
สนุก.,ပျော်ရွှင်မှု,500,Queue
ไม่สนุกแล้ว.,အဆင်မပြေပါဘူးကွာ,300,Queue
หาว.,သမ်းဝေသည်,1100,Queue
ผมยากกลับบ้าน.,ကျနော်အိမ်ပြန်ချင်တယ်,300,Queue
รักและเกลียด.,အချစ်နဲ့ အမုန်း,10000,Queue
จำได้ไหม.,မှတ်မိလား,800,Queue
เคย.,ရောက်ဖူးတယ်/ဖြစ်ဖူးတယ်,300,Queue
บริษัท.,ကုမ္ပဏီ,300,Queue
ธุรกิจ.,စီးပွားရေးလုပ်ငန်း,1300,Queue
ไม่ค่อยสบาย.,နေသိပ်မကောင်းဘူး,500,Queue
กับ.,နှင့်အတူ,300,Queue
ผมเป็นห่วงคุณ.,ငါမင်းကို စိုးရိမ်တယ်,2300,Queue
เขาเมา.,အရက်မူးသည်,1500,Queue
เหงา.,အထီးကျန်သည်,300,Queue
เกรงกลัว.,ကြောက်ရွံ့သည်,800,Queue
ผมอยู่ใกล้กับเธอ.,ကျနော််က သူမဘေးမှာ။,3000,Queue
ผมอยู่ไกลจากแม่.,ကျနော်က အမေနဲ့ဝေးနေတယ်,2000,Queue
อาหารเช้า.,မနက်စာ,1200,Queue
อาหารกลางวัน.,နေ့လည်စာ,800,Queue
อาหารเย็น.,ညစာ,300,Queue
ตรง.,နာရီ အတိ,300,Queue
ชั่วโมง.,နာရီီ(ကြာ),300,Queue
ออกจากที่นี่.,ဒီကထွက်ခွာသည်,800,Queue
มาถึงที่นั่น.,ဟိုကိုရောက်ရှိသည်,2300,Queue
หาบ.,ထမ်းပိုးသည်,800,Queue
โอบ.,ဖက်သည်,800,Queue
จอบ.,ပေါက်တူး,800,Queue
เรียบ.,ချောမွေ့သည်,500,Queue
เค้ากินหมดเรียบเลยอะ.,သူအကုန်စားလိုက်ပြီ,500,Queue
เกือบ.,လုနီးပါး,800,Queue
เขาเกือบสายวันนี้.,သူနောက်ကျတော့မလို့။,500,Queue
ปั๊ม.,ပန့်,300,Queue
จีบ.,ချဥ်းကပ်သည်,1300,Queue
วัย.,အရွယ်,300,Queue
คัดลายมือ.,လက်ရေးကျင့်,1000,Queue
ตัก.,နှစ်သည်,500,Queue
ตระกูล.,မိသားစု,3000,Queue
พ่อ แม่.,အဖေနဲ့ အမေ,300,Queue
ปู่และย่า.,အဘိုးနဲ့ အဖွား (အဖေဘက်),1500,Queue
ตาและยาย.,အဘိုးနဲ့ အဖွား (အမေဘက်),1000,Queue
พี่ชายและน้องสาว.,အစ်ကိုနဲ့အစ်မ,300,Queue
น้องชาย และ น้องสาว.,ညီနဲ့ ညီမ,300,Queue
ลูกชาย และ ลูกสาว.,သားနဲ့သမီး,800,Queue
หลานชาย และ หลานสาว.,တူနဲ့ တူမ/မြေးနဲ့ မြေးမ,1100,Queue
ลุง และ น้า.,ဘကြီးဘထွေး (အဖေ့ဖက်),800,Queue
น้า และ ลุง.,ဦးကြီး ဦးလေး (အမေ့ဖက်),-,Queue
ป้า และ น้า.,အရီးကြီး အရီးလေး (အဖေ့ဖက်),500,Queue
ป้า และ น้า.,ဒေါ်ကြီး ဒေါ်လေး (အမေ့ဖက်),500,Queue
ลูกเขย และ ลูกสะใภ้.,သားမက်နဲ့ ချွေးမ,1500,Queue
พ่อตาและแม่ตา.,ယောက္ခထီးနဲ့ ယောက္ခမ,800,Queue
พี่น้อง.,မောင်နှမ,1000,Queue
ลูกพี่ลูกน้อง.,ဝမ်းကွဲမောင်နှမ,1000,Queue
สามี ภรรยา.,လင်မယား,300,Queue
พอมีพี่สาว 1 คน.,ကျနော့်မှာအစ်မတယောက်ရှိတယ်,300,Queue
ผมมีครอบครัว เจ็ด คน.,မိသားစု ၇ ယောက်ရှိတယ်,200,Queue
ญาติ.,ဆွေမျိုး,2500,Queue
ฯ.,စသဖြင့်,10,Queue
เสื้อ.,ရှပ်,500,Queue
เสื้อ shirt.,တီရှပ်,300,Queue
กางเกงขายาว.,ဘောင်းဘီရှည်,4000,Queue
กระโปรง.,စကပ်,1500,Queue
รองเท้า.,ရှူးဖိနပ်,300,Queue
รองเท้าผ้าใบ.,အားကစားဖိနပ်,3200,Queue
รองเท้าแตะ.,ခြေညှပ်ဖိနပ်,1000,Queue
ถุงเท้า.,ခြေအိတ်,3000,Queue
นาฬิกา.,နာရီ,300,Queue
แว่นตา.,မျက်မှန်,300,Queue
แว่นกันแดด.,နေကာမျက်မှန်,400,Queue
เข็มขัด.,ခါးပတ်,2700,Queue
แหวน.,လက်စွပ်,400,Queue
เสื้อกีฬา.,အားကစားအင်္ကျီ,1000,Queue
รองเท้าส้นสูง.,ခုံမြင့်ဖိနပ်,500,Queue
กระเป๋าเป้.,ကျောပိုးအိတ်,300,Queue
กางเกงใน.,အတွင်းခံဘောင်းဘီ,1000,Queue
เสื้อชั้นใน.,ဘရာ,1000,Queue
ถุงพลาสติก.,ပလက်စတစ်အိတ်,300,Queue
หมวก.,ဦးထုတ်,4000,Queue
หมวกนิรภัย.,ဆိုင်ကယ်ဦးထုတ်,2500,Queue
ต่างหู.,နားဆွဲ,1000,Queue
ผ้าพันคอ.,လည်ပတ်ပုဝါ,1500,Queue
สร้อยคอ.,ဆွဲကြိုး,800,Queue
กระเป๋าสตางค์.,ပိုက်ဆံအိတ်,300,Queue
เสื้อกลำ.,စွပ်ကျယ်,1300,Queue
ผมอยากได้เสื้อ.,ကျနော် ရှပ်အင်္ကျီလိုချင်တယ်,500,Queue
มีถุงเท้าไหม.,ခြေအိိတ်ရှိလား,300,Queue
ลดหน่อยได้ไหม.,ဈေးနည်းနည်းလျှော့ပေးဦးမလား,300,Queue
แพงหรือถูก.,ဈေးကြီး သို့ ဈေးချို,6300,Queue
แพงจัง.,အလွန်ဈေးကြီးသော,700,Queue
น่ารักจัง.,အရမ်းချစ်ဖို့ကောင်းသော,800,Queue
ขอลองได้ไหม.,ကြိုးစား(ဝတ်)ကြည့်လို့ရမလား,800,Queue
ขอดูแหวนได้ไหม?.,လက်စွပ်ကို ကြည့်လို့ရမလား,800,Queue
แน่นหรือหลวม.,ချောင်သော သို့ ကျပ်သော,2000,Queue
พอดี.,ပုံကျသော,1000,Queue
สีกรมท่า.,နေဗီရောင်,1000,Queue
ทอง.,ရွှေ,500,Queue
สีทอง.,ရွှေရောင်,900,Queue
สีเงิน.,ငွေရောင်,900,Queue
แดงเลือดหมู.,ဝက်သွေးရောင်,900,Queue
วันนี้ผมใส.,ဒီနေ့ကျနော်...ဝတ်လာတာ။,-,Queue
เสือก.,မင်းအလုပ်မဟုတ်ဘူး,500,Queue
สั่งขอให้หน่อยก๋วยเตี๋ยว.,ကွေ့တယို တချက်မှာပေးနိုင်မလား,1200,Queue
เอาก๋วยเตี๋ยวคับ.,ကွေ့တယိုမှာ(ယူ)မယ်,300,Queue
ใส่.,ထည့်သည်/သွတ်သည်,400,Queue
สามเม็ดพริก .,ငြုပ််သီးတောင့် ၃ တောင့်,800,Queue
ตายแล้ว.,သေပါပြီ,600,Queue
ทอด.,အကျွတ်ကြော်,800,Queue
ผัด.,ရောမွှေကြော်,300,Queue
ผัก.,ဟင်းသီးဟင်းရွက်,400,Queue
ข้าวผัด.,ထမင်းကြော်,300,Queue
ต้ม.,ပြုတ်သည်,400,Queue
น้ำใส.,ဟင််းရည်အကြည်,400,Queue
หลู้.,သွေးဟင်းရည်,1000,Queue
เยนตาโฟ.,ပန်းရောင်ဟင်းရည်,500,Queue
แห้ง.,အရည်မပါ,500,Queue
ซุป กระดูก หมู.,ဝက်ရိုးပြုတ်,500,Queue
เส้นเล็ก.,နန်းသေးခေါက်ဆွဲ,300,Queue
เส้นใหญ่.,နန်းကြီးခေါက်ဆွဲ,300,Queue
เส้นหมี่เหลือง.,ဆန်ကြာဇံဝါ,300,Queue
วุ่นเส้น.,ခေါက််ဆွဲအကြည်,1000,Queue
ลูกชิ้นเนื้อ.,အမဲလုံး,400,Queue
ผมจะสั่ง.,ကျနော်မှာမယ်,800,Queue
ก๋วยเตี๋ยวน้ำใส.,ကွေ့တယို ဟင်းရည်ကြည်,400,Queue
เส้นหมี่ลูกชิ้นหมู.,နန်းသေး ဝက်သားလုံး,400,Queue
ใส่ผักรเยอะๆหน่อย.,အရွက်များများလေး,400,Queue
พิเศษ.,ပွဲကြီး,800,Queue
ธรรมดา.,ပုံမှန်ပွဲ,1000,Queue
คิดเงิน.,ငွေရှင်းမယ်,2300,Queue
ทั้งหมด หรือ จ่ายแยก.,ပေါင်းရှင်း သို့ ခွဲရှင်း,3500,Queue
รับกลับ.,ပါဆယ်,2700,Queue
กินที่นี่.,ဆိုင်ထိုင်စား,400,Queue
ร่วมกัน.,အတူ,1500,Queue
พอแล้ว.,ဗိုက်ပြည့်ပြီ(လုံလောက်ပြီ),1300,Queue
อิ่มแล้ว.,ဗိုက််တင်းပြီ,-,Queue
รสชาติ.,အရသာ,2300,Queue
เค็ม.หรือ จืด,ငန် သို့ ပေါ့သည်,2300,Queue
มัน.,ဆီများသည်/စိမ့်သည်,300,Queue
อร่อย.,အရသာရှိသည်,300,Queue
เครื่องดื่ม.,သောက်စရာ,400,Queue
ผมเคยดื่มโซดา.,ကျနော်ဆိုဒါကိုသောက်လေ့ရှိတယ်,200,Queue
ปล่อยผมไปต่อ.,သွားတော့မယ်နော်,1000,Queue
ต้องการ.,လိုအပ်သည်,2000,Queue
คำนาม.,နာမ်,2000,Queue
สรรพนาม.,နာမ်စား,1000,Queue
กริยา.,ကြိယာ,300,Queue
ฯ ไปยาลน้อย.,အတိုကောက်,2000,Queue
ๆ.,စသဖြင့်,500,Queue
ไมยัมก.,အဖြေမလိုတဲ့မေးခွန်းမျိုး,1200,Queue
หมู่บ้าน.,ရွာ,300,Queue
ควย.,ဒုတ်,300,Queue
บางครั้ง.,တခါတလေ,800,Queue
ผมเคยไปชายหาด.,ကျနော််ကမ်းခြေကိုသွားလေ့ရှိတယ်,1000,Queue
ผมเคยเลี้ยงสุนัข 2 ตัว.,ကျနော် ခွေးနှစ်ကောင် မွေးခဲ့တယ်,1300,Queue
มด.,ပုရွက်ဆိတ်,400,Queue
นก.,ငှက်,400,Queue
จระเข้.,မိကျောင်း,1500,Queue
เป็ดใ.,ဘဲ,2000,Queue
ก่อนและหลัง.,မတိုင်ခင်နဲ့ ပြီးနောက်,4000,Queue
ก่อนที่เธอจะมาถึง.,"သူမ, မရောက်ခင်",2000,Queue
หลังจากที่เธอมาถึง.,သူမရောက်ပြီးနောက်,1000,Queue
ใครเก่งที่สุดในห้องเรียน?.,အခန်းထဲမှာ ဘယ်သူစာအတော်ဆုံးလဲ,600,Queue
ใครสวยที่สุดในห้องนี้?.,အခန်းထဲဲမှာ ဘယ်သူအချောဆုံးလဲ,200,Queue
งั้นงั้นอา.,ဒီလိုပါပဲ,300,Queue
แปลกๆ.,တမျိုးကြီး,300,Queue
รถผมเสีย.,ဆိုင်ကယ်ပျက်သွားတယ်,1000,Queue
ยางแบน.,ဘီးပေါက်တယ်,1500,Queue
เปลี่ยนน้ำมันเครื่อง.,အင်ဂျင်ဝိုင်လဲချင်တယ်,1000,Queue
ลาว.,လာအို,500,Queue
กัมพูชา.,ကမ်ဘောဒီးယား,500,Queue
พม่า.,မြန်မာ,10,Queue
มาเลเซีย.,မလေးရှား,300,Queue
จีน.,တရုတ်,2000,Queue
ญี่ปุ่น.,ဂျပန်,400,Queue
เกาหลีใต้.,တောင်ကိုရီးယား,300,Queue
เวียดนาม.,ဗီယက်နမ်,300,Queue
อินเดีย.,အိန္ဒိယ,300,Queue
สหรัฐอเมริกา.,အမေရိက,300,Queue
เยอรมนี.,ဂျာမဏီ,300,Queue
ฝรั่งเศส.,ပြင်သစ်,1100,Queue
หนึ่งเล่มหนังสือ.,စာ ၁ အုပ်,2000,Queue
สองด้ามปากกา.,ဘောပင် ၂ ချောင်း,3000,Queue
สามตัวเสื้อ.,ရှပ် ၃ ထည်,3500,Queue
สี่ช้อน.,ဇွန်း ၄ ချောင်း,1300,Queue
ห้าแผ่นกระดาษ.,စာ ၅ ရွက်,1500,Queue
หกคู่รองเท้า.,ဖိနပ် ၆ ရံ,5100,Queue
เจ็ดลูกผลไม้.,သစ်သီး ၇ လုံး,2300,Queue
แปดแก้วน้ำ.,ရေ ၈ ခွက်,2500,Queue
เก้ากิโลข้าว.,ဆန် ၉ ကီလို,1400,Queue
สิบลิตรนม.,နို့ ၁၀ လီတာ,1500,Queue
ชิ้น.,အပိုင်းအစ,100,Queue
ชมพู่.,ရုပ်သံတင်ဆက်သူ၊ သရုပ်ဆောင်၊ မော်ဒယ် ချွမ်ဖု,800,Queue
ดาวิกา โฮร์เน่.,သရုပ်ဆောင်၊ မော်ဒယ် ဒါဝိကာ ဟိုနဲ,300,Queue
แพทองธาร ชินวัตร.,ဝန်ကြီးချုပ်၊ သက်ဆင်သမီး၊ ဖယ်သုံန်-ထာန်-ချင်နာဝက်သ်,300,Queue
ทักษิณ ชินวัตร.,သက်ဆင်,700,Queue
เศรษฐา ทวีสิน.,"ယခင်ဝန်ကြီးချုပ်၊ အိမ်ခြံမြေသူဌေး၊ ဖြူထိုင်းပါတီ ခေါင်းဆောင် ဆေ့ထာထ,ဝိ,ဆင်",800,Queue
อนุทิน ชาญวีรกูล .,ဖွန်ကျေထိုင်-ပါတီခေါင်းဆောင်၊ လက်ရှိအစိုးရနဲ့ လက်တွဲ၊ ပြည်သူ့ကျန်းမာရေး ဝန်ကြီးဌာန ဒုဝန်ကြီး၊ အနုထင်ချန်ဝီရကွန်,800,Queue
นายกรัฐมนตรี.,ဝန်ကြီးချုပ်,2800,Queue
เหียง.,ရဟတ်သီး,1000,Queue
ต่อวีซ่า.,ဗီဇာသက်တမ်းတိုးဖို့,500,Queue
หนังสือ เดินทาง.,ပတ်စ်ပို့,700,Queue
ผมไม่ได้ตั้งใจคับ.,မရည်ရွယ်ပါဘူး,800,Queue
เพลง.,သီချင်း,1500,Queue
เนื้อเพลง.,သီီချင်းစာသား,2000,Queue
นักร้อง.,အဆိုတော်,3000,Queue
เพลงโปรด.,အကြိုက်ဆုံးသီချင်း,1000,Queue
ยี่ห้อ.,အမှတ်တံဆိပ်,500,Queue
น้ำแข็ง.,ရေခဲ,500,Queue
อ่อน หรือ แข็ง.,နူးညံ့သော သို့ မာကြောသော,1000,Queue
สมัยก่อนผมทำแกงเนื้อเองเลย.,အရင်တုန်းကတော့ အမဲသားဟင်းကို ကိုယ်တိုင်ချက်တယ်။,1000,Queue
สิงโต นำโชค.,ပေါ့အဆိုတော်,300,Queue
ท้องทะเลท้องฟ้ามีเพียงแค่เราท่ามกลางหาดทรายขาว .,ပင်လယ်ကောင်းကင်ကြီးနဲ့ သဲဖြူဖြူသောင်ပြင်ကြားမှာ ကိုယ်တို့ပဲရှိကြတယ်,1000,Queue
แสงดวงดาวพร่างพราวประกายสวยงาม.,ကြယ်ရောင်လေးတွေက တောက်ပပြီးလှတယ်,1000,Queue
ดั่งบนสวรรค์เปิดทาง.,ကောင််းကင်က ကိုယ့်ခံစားချက်တွေကို လမ်းဖွင့်ပေးနေသလိုပဲ,1000,Queue
ให้คนอ้างว้างอย่างฉัน.,ကိုယ့်လို အထီးကျန်သူတစ်ယောက်အတွက်,1000,Queue
บอกความในใจให้เธอได้ฟัง.,ကိုယ့်ရင်ထဲဲက ခံစားချက်တွေ မင်းကိုဖွင့်ပြောတော့မယ်,1800,Queue
โอกาศอย่างนี้ต้องพูดไป.,ခုလိုအခွင့်အရေးရှိချိန်ဖွင့်ပြောရမယ်,1000,Queue
*ว่าทั้งหัวใจมีแต่เธอนั้น.,ကိုယ့်ရင်ထဲမှာမင်းတယောက်ပဲရှိတယ်,1000,Queue
อยากให้เชื่อกัน .,ယုံစေချင်ပါတယ်,1000,Queue
พยานคือฟ้าที่เฝ้าดู .,ကောင်းကင်ကြီးက သက်သေတည်ပြီးတို့ကိုကြည့်နေတာ,1000,Queue
แล้วเธอคิดอย่างไรเมื่อได้รู้ บอกที อยากฟังจากปากเธอ.,သိသွားတဲ့အခါမင်းသဘောထားက ဘယ်လိုလဲ ကိုယ့်ကိုပြောပါ,1500,Queue
** หากเธอก็รักเธอก็รู้สึกดีๆเหมือนกัน .,မင်းလည်းကိုယ့်ကိုချစ်ပြီးရင်ခုန်သံတွေ ထပ်တူညီနေမလား,1000,Queue
แต่เธอก็เขินอายอย่างนั้น.,ဒါပေမယ့် သူအရမ်းရှက်သွားတယ်,1000,Queue
ที่จะต้องพูดมา.,ဒါပဲပြောရမယ်,1000,Queue
"แค่ร้องว่า อ๊า อิ ยะ อิ ยา, อ๊า อิ ยะ อิ ยา, ก็พอ.",ဒီလိုလေးပြောရုံပဲ၊...ဒီလောက်ပါပဲ။,1000,Queue
และฉันจะขอเป็นคนนั้นที่ดูแลหัวใจ.,ဒါဆိုရင် မင်းရဲ့ပျော်ရွှင်မှုအားလုံး ဆောင်ကျဥ်းပေးတဲ့သူ ဖြစ်နိုင်ပြီ။,1000,Queue
ไม่เคยบอกรักใครคนไหนเพิ่งจะมีแค่เธอ.,ဘယ်သူ့ကိုမှ ချစ်တယ်လို့မပြောဖူးဘူး။ မင်းတယောက်တည်းပဲရှိတယ်။,1300,Queue
"และฉันก็ อ๊า อิ ยะ อิ ยา, อ๊า อิ ยะ อิ ยา, เหมือนเธอ ...แค่เพียงเท่านี้เป็นอันเข้าใจ",နှစ်ကိုယ်ကြားလေးပဲ၊...အတူတူရင်ထဲက နားလည်တယ်။,1100,Queue
ฉันไม่เคยพูดความในใจที่มีกับเธอเลยสักครั้ง .,ကိုယ့်ခံစားချက်တွေ မင်းကိုတခါမှမပြောဖူးဘူး,1000,Queue
เพราะฉันเขินฉันกลัวที่จะพูดไป.,ပြောရမှာ ရှက်ပြီးကြောက်တယ်။,1000,Queue
ถ้าปล่อยคืนนี้ผ่านไป.,ဒီညကိုကျော်လွန်သွားခဲ့ကြရင်,1600,Queue
เก็บความรักไว้อย่างนั้น.,တို့အချစ်တွေကို မျက်ကွယ်ပြုခဲ့ရင်,1500,Queue
ก็คงไม่รู้ว่าใจตรงกัน.,တို့ရဲ့ခံစားချက်တွေ ထပ်တူညီနေတာ သိနိုင်တော့မှာမဟုတ်ဘူး။,1500,Queue
โอกาศอย่างนี้ต้องพูดไป.,ခုလိုအခွင့်အရေးရှိချိန်ဖွင့်ပြောရမယ်,-,Queue
"(ซ้ำ *, **, **).",တဖန်,-,Queue
ขอ-เพิ่มอีก.,ကျေးဇူးပြုပြီး...ထပ်ထည့်ပါ...,800,Queue
น้ำมะนาว.,သံပရာရည်,800,Queue
น้ำผลไม้ปั่น.,သစ်သီးမစ်ရှိတ်,300,Queue
น้ำตาล.,သကြား,300,Queue
ครีม.,ခရမ်၊ ကော်ဖီမိတ်,800,Queue
น้ําอัดลม.,အချိုရည်,800,Queue
โคก.,ကိုကာကိုလာ,800,Queue
เบียร์สด.,စည်ဘီယာ,300,Queue
แกว.,ဖန်ခွက်,300,Queue
กระปอง.,သံဗူး,500,Queue
ก้อน.,အတုံးအရေအတွက်,800,Queue
โครงสร้าง.,ဝါကျပုံစံ,2000,Queue
จะดื่มอะไรดีคับ.,ခင်ဗျားဘာသောက်ချင်လဲ,300,Queue
จะกินน้ำอะไรคับ.,ခင်ဗျားဘာသောက်ချင်လဲ,800,Queue
ขอน้ําเปลาหนึ่งขวดครับ.,ရေတပုလင်းပေးပါ,1300,Queue
ขอสั่งอีกอันหนึ่งด้วย.,တပွဲထပ်ယူပါမယ်,2000,Queue
มันจะใช้เวลานาน.,ဒါက ကြာပါမယ်,10,Queue
แลวคุณละคะ.,ခင်ဗျားကော,-,Queue
ขอกาแฟเย็นหนึ่งแก้ว.,ကျေးဇူးပြုပြီးကော်ဖီအေးတခွက်ပေးပါ,1300,Queue
ใบขับขี่.,ယာဥ်မောင်းလိုင်စင်,1000,Queue
บัตรประชาชน.,အိုင်ဒီ,1000,Queue
พวงกุญแจ.,သော့ချိတ်,2100,Queue
ขอน้ำผลไม้.,သစ််သီးဖျော်ရည်တမျိုးမျိုးလိုချင်တယ်,300,Queue
มีน้ำผลไม้อะไรบ้าง.,ဘာသစ်သီးဖျော်ရည်မျိုးရှိလဲ,800,Queue
มีน้ำส้ม.,လိိမ္မော်ရည်ရှိပါတယ်,300,Queue
ขอน้ำส้มหนึ่งแก้ว.,လိမ္မော်ရည်တခွက်ပေးပါ,300,Queue
ขอกาแฟร้อนหนึ่งถ้วยครับ.,ကော်ဖီပူပူတခွက်ပေးပါ,300,Queue
ไม่ใส่น้ำตาล ไม่ใส่ครีมนะครับ.,သကြားမထည့် ခရမ်မထည့်ပါ,110,Queue
ใส่น้ำตาลสองก้อน ไม่ใส่ครีม.,သကြား ၂ တုံးထည့်ပါ ခရမ်မထည့်ဘူး,500,Queue
น้ำตาลสองซ้อน และครีมสองซ้อนคับ.,သကြား ၂ ဇွန်းနဲ့ ခရမ် ၂ ခွန်းထည့်ပါ,200,Queue
มีเบียร์ไหมคับ เบียร์เย็นๆ.,ဘီယာရှိလား၊ ဘီယာအေးအေး,100,Queue
เอายี่ห้ออะไรคคับ.,ဘယ််တံဆိပ်လိုချင်ပါလဲ,10,Queue
เบียร์สิงห์มีไหมคับ.,စင်ဂါးဘီယာရှိလား,400,Queue
ขอเบียร์สิงห์สองขวด.,စင်ဂါး ၂ ပုလင်းပေးပါ,100,Queue
และขอสามแก้วเปล่า ไม่เอาน้ำแข็ง.,ခွက်လွတ် ၃ လုံးပေးပါ။ ရေခဲမထည့်ဘူး,100,Queue
จะดื่มเหล้าหรือเบียร์ดีคับ.,အရက်လား ဘီယာလား ဘာသောက်ချင်လဲ,100,Queue
ผมขอเหล้าคับ.,အရက်ပေးပါ,100,Queue
ขอแม่โขงหนึ่งขวด.,မဲခေါက် ၁ လုံးပေးပါ,100,Queue
และขอโซดาสองขวด น้ำแข็งเปล่า.,ဆိုဒါ ၂ ပုလင်းနဲ့ ရေခဲအလွတ်ပေးပါ,100,Queue
ขอแก้วสามใบด้วยคับ.,ခွက် ၃ ခွက်လည်းပေးပါ,300,Queue
ขอโซดาเพิ่มอีกหนึ่งขวด.,ဆိုဒါ နောက် ၁ လုံးရနိုင်မလား,500,Queue
และแก้วเพิ่มอีกสองใบคับ.,ခွက် ၂ လုံးထပ်ပေးပါ,500,Queue
บทอ่าน-ฟัง.,အဖတ်နဲ့ နားထောင်အပိုင်း,1000,Queue
คนไทยชอบดื่มกาแฟเย็น.,ထိုင်းတွေက ကော်ဖီအေးသောက်ရတာ ကြိုက်တယ်,600,Queue
คนจีนและคนญี่ปุ่นชอบดื่มน้ำชาร้อน.,တရုတ်နဲ့ ဂျပန်တွေက လက်ဖက်ရည်အပူကြိုက်တယ်,500,Queue
คนอเมริกันชอบดื่มกาแฟไม่ใส่น้ำตาล.,အမေရိကန်တွေက ကော်ဖီကို သကြားမထည့်တာကြိုက်တယ်,100,Queue
นักศึกษาชายชอบดื่มเบียร์และเหล้า.,ကျောင်းသားတွေက အရက်နဲ့ ဘီယာကြိုက်ကြတယ်,200,Queue
แต่นักศึกษาหญิงชอบดื่มน้ำผลไม้.,ဒါပေမယ့်ကျောင််းသူတွေက သစ်သီးဖျော်ရည်ကြိုက်ကြတယ်,200,Queue
ผงซักฟอก.,အဝတ်လျှော်ဆပ်ပြာ,2500,Queue
เผด็จการ.,အာဏာရှင်,1000,Queue
ชาวบ้าน.,အရပ်သား,1000,Queue
รัฐบาล.,အစိုးရ,1000,Queue
กฎหมาย.,ဥပဒေ,600,Queue
ใช้.,အသုံးပြုသည်,1100,Queue
ไม้สัก.,ကျွန်းပင်,600,Queue
สะพาน.,တံတား,600,Queue
สะพานข้ามทางรถไฟ.,ကုန်းကျော်တံတား,1500,Queue
สกปรก หรือ สะอาด.,ညစ်ပတ် သို့ သန့်ရှင်းသော,1600,Queue
เฟอร์นิเจอร์.,ပရိဘောဂ,500,Queue
เที่ยว.,ခရီးသွားသည်,300,Queue
ตาย.,သေဆုံးသည်,1800,Queue
นิ่ม.,ကိုရင်ဘုရား,300,Queue
ถ้ำ.,အရှင်ဘုရား,300,Queue
สถานที่โปรด.,အကြိုက်ဆုံးနေရာ,500,Queue
ถูกต้อง.,မှန်,500,Queue
ไม่ถู.,မှား,500,Queue
อุบัติเหตุ.,မတော်တဆမှု,500,Queue
ทางรถยนต์.,ကားဖြင့်,500,Queue
ฆาตกรรม.,လူသတ်မှု,3000,Queue
การโจรกรรม.,ခိုးဝှက်မှု,1000,Queue
ปล้น.,ခိုးမှု,2500,Queue
อากาศเย็นสบายมาก.,ရာသီဥတုကောင်းတယ်,1000,Queue
ตัวอย่าง.,နမူနာ,500,Queue
เช่น.,နမူနာအနေနဲ့,500,Queue
จดหมายแนะนำ.,ထောက်ခံစာ,1500,Queue
จากโรงเรียน.,ကျောင််းက,500,Queue
รอบแปป.,ခဏလေးနော်,2000,Queue
แป๊บนึง.,ခဏလေး,10,Queue
ผมพูดไทยได้.,ထိုင်းလိုရတယ်,1500,Queue
ไม่ค่อยเก่งหรอกครับ .,သိပ်မတတ်ဘူး,1500,Queue
อย่างที่รู้กัน.,မင်းသိတဲ့အတိုင်း,1500,Queue
การออกเสียงภาษาไทย.,ထိုင်းအသံထွက်,1500,Queue
มันยาก.,ခက်တယ်,1500,Queue
สำหรับต่างชาติ.,နိုင်ငံခြားသားတွေ အတွက်,2000,Queue
แต่ผมโชคดี.,ဒါပေမယ့် ငါကံကောင်းတယ်,2000,Queue
ที่มีโอกาสได้คุย.,ပြောခွင့်ရတယ်,1500,Queue
กับคนไทยบ่อยๆ.,ထိုင်းလူမျိုးတွေနဲ့ မကြာခဏ,1500,Queue
ผมเชื่อว่าภาษาไทย.,ထိုင်းစကားကို ယုံကြည်တယ်,1500,Queue
ของผมจะพัฒนา.,ကျနော့်ရဲ့(...)တိုးတက်မယ်,1800,Queue
ขึ้นเร็วๆ นี้.,မကြာခင်,2000,Queue
ขอบคุณครับ.,ကျေးဇူးပါ,500,Queue
จ่ายเงินแล้วครับ.,ပေးပြီးပါပြီ,2000,Queue
ปลาแห้ง.,ငါးခြောက်,2000,Queue
กิจกรรม.,လှုပ်ရှားမှု/ပွဲ,1500,Queue
บันไดน่ะ.,နဂါးလှေကား,300,Queue
สลากภัต.,သံဃာ့ခဲဖွယ်အလှူ,200,Queue
วันเสาร์วันอาทิตย์.,ပိတ်ရက်,100,Queue
ตั้งแต 7:00 น.,၇ နာရီစပြီး,300,Queue
ถึง 10:00 น.,၁၀ နာရီအထိ,300,Queue
เมื่อไร.,ဘယ်အချိန်လဲ,5000,Queue
วัน ไหน.,ဘယ်နေ့လဲ,1500,Queue
วัน อะไร.,ဘယ်နေ့လဲ,300,Queue
วันที่เท่าไหร่.,ဘယ််နေ့လဲ,-,Queue
ใคร.,ဘယ်သူလဲ,1500,Queue
ของใคร.,ဘယ်သူ့ဟာလဲ,4500,Queue
เพื่ออะไร.,ဘာလုပ်ဖို့လဲ,5500,Queue
ทำไม.,ဘာကြောင့်လဲ,1800,Queue
อย่างไร.,ဘယ်လိုလဲ,3500,Queue
อะไร.,ဘာလဲ,-,Queue
เท่าไร.,ဘယ်လောက်လဲ,-,Queue
ที่ไหน.,ဘယ်မှာလဲ,-,Queue
ใครเป็นเจ้าของ .,ဘယ်သူပိုင်လဲ,6500,Queue
อะไรเกิดขึ้น .,ဘာဖြစ်တာလဲ,3000,Queue
ที่ไหนคุณอยู่ .,ခင်ဗျားဘယ်မှာလဲ,3200,Queue
เมื่อไรคุณจะมา .,ဘယ််အချိန်လာမှာလဲ,3500,Queue
ทำไมคุณเศร้า .,ဘာလို့ဝမ်းနည်းလဲ,2500,Queue
อย่างไรคุณทำ .,အခြေအနေဘယ်လိုလဲ,3000,Queue
เท่าไรมันมีราคา .,ဒါဘယ်လောက်လဲ,3500,Queue
ผมทำการบ้าน.,ငါအိမ်စာလုပ်တယ် (simple),600,Queue
ผมจะทำการบ้าน.,ငါအိမ်စာလုပ်မယ် (future),100,Queue
ผมได้ทำการบ้านแล้ว.,ငါအိမ်စာလုပ်လိုက်တယ် (perfect),100,Queue
ผมทำการบ้านแล้ว.,ငါအိမ်စာလုပ်ပြီးပြီ (past),100,Queue
ผมกำลังทำการบ้านอยู่ .,ငါအိမ်စာလုပ်နေတယ် (containous),200,Queue
เสร็จแล้ว.,ပြီးပြီ,100,Queue
พยัญชนะ.,ဗျည်း,-,Queue
โฆษณา.,ကြော်ငြာ,3000,Queue
ประวัติศาสตร์.,သမိုင်း,1000,Queue
ข่าว.,သတင်း,-,Queue
ผมดูข่าวใน YouTube เสมอ.,ယူကျု့က သတင်းအမြဲကြည့်တယ်,1000,Queue
หรือเปล่า.,ဟုတ်တယ်မလား,1000,Queue
อีก.,ပို၍,1000,Queue
ผมจะเรียนต่อไปอีก.,ကျနော်ဆက်လေ့လာနေမယ်,1000,Queue
ตอนสาย.,နေမြင့်,500,Queue
ตอนกลางวัน.,နေ့ဖက်,500,Queue
ตอนกลางคืน.,ညဖက်,500,Queue
โมง.,နာရီထိုး (နေ့ဖက်),-,Queue
ทุ่ม.,နာရီီထိုး (ညဖက်),500,Queue
ยาม.,နာရီထိုး (ညဖက်) ထိုင်း,500,Queue
เช้าหรือสาย.,စော သို့ နောက်ကျသော,2500,Queue
ค่อนข้างสูง.,အတော်လေးအရပ်ရှည်တယ်,1500,Queue
เริ่ม หรือ เลิก.,အစပြု သို့ အဆုံးသတ်သည်,2000,Queue
เริ่มงาน.,အလုပ်စ သည်,500,Queue
เข้าเรียน.,စာသင်ခန်းထဲဝင်သည်,500,Queue
เริ่มเรียน.,စာ စသင်သည်,2000,Queue
เลิกเรียน.,စာသင်် ပြီးသည်,100,Queue
เข้านอน.,အိပ်ရာဝင်သည်,2500,Queue
ตื่นนอน.,အိပ်ရာထသည်,1500,Queue
ประมาณ.,ခန့်/ဝန်းကျင်,10,Queue
พมคิดว่างานนี้จะใช้เวลาประมาณ 2 ชั่วโมง.,ဒီအလုပ်က ၂ နာရီလောက်ကြာမယ်ထင်တယ်,900,Queue
นาน.,ကြာသည်,10,Queue
ผมรอคอยเธอ นาน มาก.,သူမကို အကြာကြီးစောင့်ခဲ့တယ်,1500,Queue
ต้อง.,လုပ်ရမယ်,500,Queue
อาหารพื้นเมือง.,ဒေသစာ,1600,Queue
ข้าวเหนียว.,ကောက်ညှင်း,-,Queue
ไก่ย่าง.,ကြက်ကင်,500,Queue
ไก่ทอด.,ကြက််ကြော်,1000,Queue
แหนมทอด.,ဝက်သားချဥ်ကြော်,1500,Queue
หมูปิ้ง.,ဝက််ကင်,-,Queue
แซ่บ.,စပ်စပ်ကောင်းကောင်း,200,Queue
เผ็ด.,စပ်သော,10,Queue
ปานกลาง.,အနေတော်,1500,Queue
ปลาร้า.,ထိုင်းငပိ,500,Queue
น้ำพริกนุ่ม.,ငရုပ်သီးစိမ်းထောင်း,1000,Queue
น้ำพริกอ่อง.,ဝက်ခရမ်းချဥ်သီး,500,Queue
แคบหมู.,ဝက်ခေါက်ကြော်,2000,Queue
ขนมจีน.,ထိုင်းမုန့်ဟင်းခါး,2000,Queue
น้ำเงี้ยว.,ရှမ်းစတိုင်ခေါက်ဆွဲ,1000,Queue
ข้าวซอย.,ခေါက်ဆွဲ,-,Queue
แกงไตปลา.,ငါးအူဟင်း,1600,Queue
ข้าวยำ.,အသုတ်စုံထမင်း,2500,Queue
ภาคอีสาน.,အရှေ့မြောက်ပိုင်း,600,Queue
ภาคเหนือ.,မြောက်ပိုင်း,1500,Queue
ปักษ์ใต้.,တောင်ပိုင်း,1000,Queue
ภาคกลาง.,အလယ်ပိုင်း,2500,Queue
ลอง.,ကြိုးစားသည်,1000,Queue
เขาพยายามมากเลย.,သူအရမ်းကြိုးစားတယ်,3000,Queue
ทุเรียน.,ဒူးရင်း,-,Queue
เงาะ.,ကြက်မောက်သီး,500,Queue
มังคุด,မင်းဂွတ်,-,Queue
ลิ้นจี่,လိုင်ချီး,100,Queue
มะละกอ,သင်္ဘောသီး,2600,Queue
เกรปฟรุต.,ကျွဲကော,-,Queue
"กิโล, โล",ကီလို,-,Queue
ละ,နှုန်း,-,Queue
"ผล, ลูก",သစ််သီး,-,Queue
ใบ,သစ်ရွက်,-,Queue
จาน,ပန်းကန်,-,Queue
ชิ้น.,ပစ္စည်း,1000,Queue
ผลไม้รวม.,သစ်သီးရောနှော,500,Queue
สุก หรือ ดิบ.,မှည့် သို့ စိမ်းသော,1300,Queue
สด หรือ เน่า.,လတ်ဆတ်သော သို့ မလတ်ဆတ်သော,2000,Queue
ราคา,ဈေးနှုန်း,1500,Queue
กว่า,ထက်ပို၍,500,Queue
รถคันนี้เร็วกว่ารถคันนั้น.,ဒီကားက အဲဒီကားထက် ပိုမြန်တယ်။,500,Queue
เช่า.,အိမ်ငှားသည်,100,Queue
ค่าเช่า.,အိိမ်ငှားခ,1300,Queue
เสียใจ.,နောင်တ,700,Queue
ผม ปฏิบัติตามกฎ.,ကျနော် ဥပဒေနဲ့အညီနေထိုင်တယ်,500,Queue
ใบอนุญาตทำงาน.,အလုပ်သမားကဒ်,100,Queue
สำลีพันด้าม.,နားကျပ်တံ,3000,Queue
กระจกเงา.,မှန်,1700,Queue
อาโวกาโดร.,ထောပတ်သီး,100,Queue
ดอกมะลิ.,စံပယ်ပန်း,100,Queue
ส่วนสูง 166 เซนติเมตร.,အရပ် ၁၆၆ စင်တီမီတာ,2600,Queue
น้ำหนัก 64.5 กิโลกรัม,ကိုယ်အလေးချိန် ၆၄.၅ ကီလိုဂရမ်,2500,Queue
ครั้งเดียวเท่านั้น.,တကြိမ်ပဲ,2300,Queue
องค์การสหประชาชาติ.,ကုလသမဂ္ဂ,1500,Queue
สถานทูต.,သံရုံး,1500,Queue
เปล่า.,ဟင့်အင်း,500,Queue
เจ้าหน้าที่.,အရာရှိ,500,Queue
โดยเฉพาะ.,အထူးသဖြင့်,100,Queue
ล้อเล่นนะ.,စတာပါ,1000,Queue
หนัง.,ရုပ်ရှင်,500,Queue
ร้านถ่ายเอกสาร.,မိတ္တူဆိုင်,1000,Queue
เคาน์เตอร์บริการข้อมูล.,အင်ဖော်မေးရှင်းကောင်တာ,1000,Queue
อันธพาล.,ဂိုဏ်းစတား,2600,Queue
เด็กหรือผู้ใหญ่.,အသက် ငယ် သို့ကြီးသော,2000,Queue
ฉันอายุมากกว่าคุณ.,ဟ,1000,Queue
ฉันอายุน้อยกว่าคุณ.,ဟ,1000,Queue
ดอกกุหลาบสวยกว่าเบญจมาศ.,ဟ,200,Queue
คิว.,တန်းစီသည်,2000,Queue
รอ.,စောင့်သည်,1000,Queue
ป้ายบอกทาง.,လမ်းဆိုင်းဘုတ်,1500,Queue
คำเตือน.,သတိ,1500,Queue
พระพุทธศาสนา.,ဗုဒ္ဓဘာသာ,-,Queue
ศาสนาคริสต์.,ခရစ်ယာန်ဘာသာ,-,Queue
มุสลิม.,မူစလင်ဘာသာ,-,Queue
ศาสนาฮินดู.,ဟိန္ဒူဘာသာ,-,Queue
ระหว่างการสอบ.,စာမေးပွဲတွင်း,1500,Queue
ซาลาเปา.,ပေါက်စီ,1000,Queue
เทียน.,ဖယောင်းတိုင်,1500,Queue
ก๊อกน้ำ.,ရေပိုက်ခေါင်း,500,Queue
อู่ซ่อมมอเตอร์ไซค์.,ဆိုင်ကယ်ဝပ်ရှော့,1100,Queue
พมจะบอกคุณ.,ကျနော်ပြောပါ့မယ်,500,Queue
ปิดไฟเมื่อไม่ใช้งาน.,မသုံးတဲ့အချိန်မီးပိတ်ပါ,1000,Queue
งานอดิเรกของผม.,ကျနော့်ဝါသနာ,2700,Queue
คือการอ่านหนังสือ.,စာအုပ်ဖတ်ခြင်းပါ,2700,Queue
ผมชอบอ่านหนังสือมาก.,စာအုပ််ဖတ်ရတာအရမ်းကြိုက်တယ်,2700,Queue
ผมเคยอ่านหนังสือ.,ကျနော်စာဖတ်လေ့ရှိတယ်,2700,Queue
หลายประเภท.,အမျိုးမျိုး,5700,Queue
เช่น นิยาย.,ဝတ္ထုတွေလိုမျိုး,2200,Queue
ประวัติศาสตร์.,သမိုင်း,1700,Queue
และชีวประวัติ .,အတ္ထုပတ္တိနဲ့,2200,Queue
แต่ผมชอบ.,ဒါပေမယ့် ကျနော် သဘောကျတယ်,1700,Queue
นิยายมากที่สุด.,ဝတ္ထုတွေ(အကြိုက်)ဆုံး,2200,Queue
ผมอ่านนิยาย.,ဝတ္ထုတွေဖတ်တယ်,2700,Queue
ของนักเขียนทั้งพม่า.,ဗမာစာရေးဆရာတွေ,2200,Queue
และต่างประเทศ.,နောက်ပြီး နိုင်ငံခြားက(စာရေးဆရာ),2700,Queue
ผมชอบเฮมิงเวย์.,ကျနော် ဟဲမင်းဝေးကြိုက်တယ်,2200,Queue
และโดสโตเยฟสกี.,နောက်ပြီး ဒိုစတိုယက်စကီး,2200,Queue
แทนที่จะซื้อหนังสือเล่ม.,စာအုပ်ဝယ်မယ့်အစား,2700,Queue
ผมชอบอ่านหนังสือ.,စာဖတ်ရတာကြိုက်တယ်,1700,Queue
อิเล็กทรอนิกส์มากกว่า.,အီးဘွတ်တွေပိုပြီး,2200,Queue
เพราะตอนนี้.,ဘာလို့လဲဆိုတော့ အခု,2200,Queue
ผมไม่มี.,ကျနော့်မှာ မရှိဘူး,1700,Queue
ที่วางหนังสือ.,စာအုပ်စင်,2200,Queue
ผมชอบฟัง.,နားထောင်ရတာကြိုက်တယ်,1700,Queue
หนังสือเสียง.,အသံစာအုပ်,1700,Queue
ทุกวัน.,နေ့တိုင်း,1700,Queue
ตอนนี้ผมกำลัง.,အခုကျနော်(လုပ်)နေတယ်,1700,Queue
อ่านหนังสือ.,စာဖတ်တယ်,1700,Queue
"""A History of Thailand"" โดย .",ရဲ့ A History of Thailand,1700,Queue
Chris Baker และ.,Chris Baker နဲ့,1700,Queue
ผาสุก พงษ์ไพจิตร.,ဖာဆုဖုန်ဖိုက်ကျစ်,1700,Queue
หนังสือเล่มนี้.,ဒီစာအုပ်,1900,Queue
เกี่ยวกับวิวัฒนาการ.,ဆင့်ကဲဖြစ်စဉ်အကြောင်း,2400,Queue
ของประเทศไทย.,ထိုင်းနိုင်ငံရဲ့,1900,Queue
ทั้งการเมือง.,နိုင်ငံရေးရော,3400,Queue
เศรษฐกิจ.,စီးပွားရေး,3900,Queue
และสังคม.,လူမှုရေးနဲ့,2400,Queue
ผมชอบหนังสือ.,ကျနော်ကြိုက်တယ်,1500,Queue
เล่มนี้มาก.,စာအုပ်ကို တကယ်,1500,Queue
ผมกำลังคิด.,ကျနော်ဘာသာပြန်ဖို့စဥ်းစားနေတယ်,2500,Queue
จะแปลหนังสือ.,ကျနော်ဘာသာပြန်ဖို့စဥ်းစားနေတယ်,2500,Queue
เล่มนี้.,ဒီစာအုပ်,1500,Queue
เป็นภาษาพม่า.,ဗမာဘာသာကို,2600,Queue
เพื่อให้ผู้อ่าน.,စာဖတ်သူတွေအတွက်,2600,Queue
ในพม่า.,ဗမာစာနဲ့,2600,Queue
สามารถเข้าถึง.,ဖတ်နိုင်အောင်,2600,Queue
หนังสือเล่มนี้ได้.,ဤစာအုပ်ကို ယခုရရှိနိုင်ပါပြီ။,2500,Queue
แล้วงาน.,ဤစာအုပ်ကို ယခုရရှိနိုင်ပါပြီ။,2500,Queue
อดิเรกของ.,မင်းရဲ့ဝါသနာက ဘာလဲ,2500,Queue
คุณคืออะไรครับ?.,မင်းရဲ့ဝါသနာက ဘာလဲ,2500,Queue
ช่วยเล่าให้ฟัง.,တဆိတ်လောက် ကျနော့်ကိုပြောပါ,2000,Queue
หน่อยครับ.,တဆိတ်လောက် ကျနော့်ကိုပြောပါ,2000,Queue
เก็บไว้.,သိမ်းထားပါ,1500,Queue
เก็บความลับนี้นะ.,ဒါကိုလျှို့ဝှက်ထားပါ,2300,Queue
สุขภาพ.,ကျန်းမာရေး,500,Queue
ที่จะสอน.,သင်ကြားသည်,1500,Queue
ส่ง.,ပေးပို့သည်,500,Queue
ส่งข้อความ.,မက်ဆေ့ပို့သည်,1000,Queue
ถั่วงอก.,ပဲပင်ပေါက်,2000,Queue
คุณทานข้าวเที่ยงแล้วหรือยัง.,နေ့လည်စာစားပြီးပြီလား,2200,Queue
ต้มแซ่บเนื้อ.,အမဲစွပ်ပြုတ်ချဉ်စပ်,-,Queue
อย่าโกหกฉัน.,ငါ့ကို မလိမ်နဲ့,2000,Queue
พัสดุ.,ပါဆယ်ထုတ်,500,Queue
ประตู.,ဂိတ်,500,Queue
ขอเรียกรถแท็กซี่หน่อย.,တက္ကစီခေါ်ပေးနိုင်မလား,1100,Queue
แปลภาษา.,ဘာသာပြန်ခြင်း,-,Queue
เพิ่มเติม.,ပို၍,500,Queue
ผมต้องการที่จะนอนหลับ.,အိပ်ချင်တယ်,10,Queue
ขอเบอร์โทรศัพท์หน่อย.,ဖုန်းနံပါတ် တချက်လောက်ပေးပါ,3000,Queue
ขอโทษครับ กี่โมงแล้วครับ.,တဆိတ်လောက် ဘယ်နှနာရီထိုးပြီလဲ,700,Queue
8โมง15นาที.,၈ နာရီ ၁၅ မိနစ်,500,Queue
คุณจะเข้าเรียนกี่โมงครับ.,ဘယ်နှနာရီကျောင်းသွားလဲ,1500,Queue
9 โมงตรง.,၉ နာရီအတိပါ,1000,Queue
จะเลิกเรียนกี่โมงครับ.,ကျောင်းဘယ်နှနာရီဆင်းလဲ,1000,Queue
11 โมง 50 นาที.,၁၁ နာရီ ၅၀ မိနစ်,1000,Queue
จะทานอาหารเที่ยงกี่โมงครับ.,ဘယ်အချိန်နေ့လည်စာစားလဲ,1000,Queue
เที่ยงตรง.,မွန်းတည့်အတိ,1000,Queue
บทอ่าน-ฟัง.,အဖတ်နဲ့ နားထောင် အပိုင်း,1000,Queue
แอนน์และจอห์นมาเรียนภาษาไทยทุกวัน.,အန်းနဲ့ဂျွန်က ထိုင်းစာနေ့တိုင်းလာ သင်တယ်,300,Queue
วันนี้แอนน์มาถึงห้องเรียนเช้า.,ဒီနေ့ အန်းက ကျောင်းစောစောလာတယ်,300,Queue
และเข้าเรียนเวลา 9 โมง.,နောက်ပြီး ၉ နာရီမှာ ကျောင်းတက်တယ်,600,Queue
จอห์นมาสายมาก.,ဂျွန်လာတာ သိပ်နောက်ကျတယ်,600,Queue
เขามาถึง ห้องเรียน เวลา9โมง15นาที.,၉ နာရီီ ၁၅ မှ အတန်းထဲရောက်လာတယ်,300,Queue
เขามาสายไป 15 นาที.,သူရောက်လာတာ ၁၅ မိနစ်နောက်ကျတယ်။,400,Queue
เขาเลิกเรียนประมาณเที่ยง.,နေ့လည်လောက်ကျောင်းပြီးတယ်,500,Queue
ตอนบ่ายจอห์นและแอนน์ทำการบ้าน.,နေ့လည််ပိုင်းမှာ ဂျွန်နဲ့အန်းတို့ အိမ်စာလုပ်ကြတယ်,800,Queue
ตอนเย็นเขาสองคนไปเที่ยวตลาด.,ညနေမှာ နှစ်ယောက်သား ဈေးသွားကြတယ်,600,Queue
เขาสองคน กลับบ้านตอน 2 ทุ่ม.,သူတို့ နှစ်ယောက် အိမ်ပြန်ရောက်တော့ ည ၈ နာရီ,600,Queue
วันนี้ตอนเช้าคุณทำอะไรครับ.,ဒီမနက် ဘာလုပ်ခဲ့လဲ။,600,Queue
ตื่นนอนแล้วก็มาเรียนหนังสือ.,အိပ််ရာထပြီး စာသွားသင်တယ်,600,Queue
ตอนบ่ายล่ะครับ.,ဒီနေ့လည်ကော ဘယ်လိုလဲ။,100,Queue
เรียนหนังสือแล้วก็กลับบ้าน.,စာသင်ပြီးတော့ အိမ်ပြန်တယ်,600,Queue
คุณไม่อยากไปเที่ยวบ้างหรือครับ.,ခရီးလေးတောင်မသွားချင်ဘူးလား။,600,Queue
ไม่ใช่ ผมต้องไปทำงานตอนเย็นครับ.,မဟုတ်ဘူး၊ ညနေအလုပ်သွားရမယ်,800,Queue
เริ่มทำงานกี่โมงครับ.,ဘယ်အချိန်ကစလုပ်တာလဲ။,600,Queue
ขอโทษครับ วันนี้มาเรียนสาย.,တောင်းပန်ပါတယ် ဒီနေ့အတန်းနောက်ကျတယ်,600,Queue
มาสายกี่นาทีครับ.,မင်းဘယ်နှစ်မိနစ်နောက်ကျနေတာလဲ။,600,Queue
15 นาทีครับ.,၁၅ မိိနစ်ပါ,100,Queue
พรุ่งนี้ จะมาเรียนตรงเวลาครับ.,မနက်​ဖြန်​ အတန်းချိန်​မှန်​လာပါ့မယ်​။,600,Queue
เมื่อวานนี้มาสายไหมครับ.,မနေ့က နောက်ကျနေသလား,600,Queue
เมื่อวานนี้มาเข้ามากครับ.,မနေ့က (လူ)အဝင်များတယ်,600,Queue
มาถึงห้องเรียน 7 โมงเช้าครับ.,မနက် 7 နာရီ အတန်းထဲရောက်ပါတယ်။,600,Queue
5 โมงเย็นครับ.,ညနေ ၅ နာရီ။,100,Queue
คุณล่ะครับ.,ခင််ဗျားရော။,100,Queue
และเลิกงานกี่โมงครับ.,နောက် အလုပ်က ဘယ်နှနာရီဆင်းလဲ,600,Queue
ผมมาตรงเวลาครับ.,ကျနော်အချိန်မှန်လာတယ်,600,Queue
ตอนกลางคืน ตอน 2 ทุ่มครับ.,ည ၈ နာရီမှာပါ,600,Queue
มา เรียน.,လာလေ့လာတယ်,100,Queue
ตรงเวลา.,အချိန်မှန်,100,Queue
คุณเรียนภาษาไทยกี่โมงครับ.,ထိုင်းစာကို ဘယ်အချိန်လေ့လာလဲ။,1000,Queue
เริ่มเรียนตั้งแต่เก้าโมงถึงเที่ยง.,အတန်းချိန် ၉ နာရီမှ နေ့လည်အထိ။,600,Queue
ตอนบ่ายมีเรียนไหมครับ.,နေ့လည် အတန်းရှိလား,600,Queue
ตอนบ่ายโมง จะไปตลาดซื้อผลไม้.,နေ့လည် ၁ နာရီမှာ အသီးသွားဝယ်မယ်။,600,Queue
คุณจะซื้อผลไม้ที่ตลาดนานไหมครับ.,ဈေးမှာ သစ်သီးဝယ်ဖို့ ဘယ်လောက်ကြာမလဲ။,600,Queue
ประมาณสามสิบนาทีครับ.,မိနစ်သုံးဆယ်ခန့်။,100,Queue
ตอนเย็นล่ะ คุณทำอะไรครับ.,ညနေ ဘာလာလုပ်တာလဲ။,600,Queue
ตอนเย็นกลับบ้านและทำการบ้านครับ.,ညနေ အိမ်ပြန်ပြီး အိမ်စာလုပ်ပါ။,600,Queue
ตอนกลางคืนล่ะครับ.,ညဖက်မှာ,600,Queue
ทำการบ้านแล้วก็เข้านอนครับ.,အိမ်စာလုပ်ပြီး အိပ်ရာဝင်တယ်,600,Queue
อยากทำอะไรก็ทำ.,လုပ်ချင်တာလုပ်,600,Queue
แป๊บเดียว.,ခဏပဲ,-,Queue
เดือนนี้เดือนอะไรครับ.,ဒါလက ဘယ်လလဲ။,100,Queue
เดือนมิถุนายนครับ.,ဇွန်လ။,100,Queue
คุณเกิดเดือนอะไรครับ.,မင်းဘယ်လမှာမွေးတာလဲ။,100,Queue
เดือนสิงหาคมครับ.,သြဂုတ်လ။,100,Queue
คุณล่ะครับ เกิดเดือนอะไร.,မင်းကော ဘယ်လမှာမွေးလဲ?,100,Queue
ตุลาคมครับ.,အောက်တိုဘာလ,100,Queue
เดือนหน้าคุณจะกลับบ้านไหมครับ.,နောက်လမှ အိမ်ပြန်မှာလား။,600,Queue
ผมกลับบ้านเมื่อเดือนที่แล้วครับ.,ငါပြီးခဲ့တဲ့လက အိမ်ပြန်ရောက်တယ်။,600,Queue
คุณล่ะครับ จะกลับบ้านเมื่อไหร่.,မင်းကော ဘယ်တော့အိမ်ပြန်မှာလဲ?,600,Queue
อีกสองเดือนครับ.,နောက်ထပ် နှစ်လနေရင်။,600,Queue
เมืองไทยมีกี่ฤดูครับ.,ထိုင်းမှာ ရာသီဥတုဘယ်နှမျိုးရှိလဲ။,600,Queue
3 ฤดูครับ มีฤดูร้อน.,ဥတု ၃ မျိုးရှိတယ်၊ နွေရာသီပါတယ်။,600,Queue
ฤดูฝน และฤดูหนาว.,မိုးရာသီနဲ့ ဆောင်းရာသီ,600,Queue
ที่อเมริกามีกี่ฤดูครับ.,အမေရိကမှာ ရာသီဥတုဘယ်နှမျိုးရှိလဲ။,600,Queue
มี 4 ฤดูครับ ฤดูร้อน ฤดูใบไม้ร่วง.,(၄)မျိုးရှိတယ်။ နွေရာသီ၊ ဆောင်းဦးရာသီ ,600,Queue
ฤดูหนาว ฤดูใบไม้ผลิ.,ဆောင်းရာသီ၊ နွေဦး,600,Queue
ตอนนี้เมืองไทยเป็นฤดูอะไรครับ.,အခု ထိုင်းမှာ ဘယ်ရာသီလဲ။,600,Queue
ฤดูร้อนครับ.,နွေရာသီ။,100,Queue
ที่อังกฤษเวลานี้เป็นฤดูอะไรครับ.,ဒီအချိန် အင်္ဂလန်မှာ ဘယ်ရာသီလဲ။,100,Queue
ฤดูหนาวครับ.,ဆောင်းရာသီ။,200,Queue
ฤดูหนาวอากาศเป็นยังไงครับ.,ဆောင်းတွင်းမှာ ရာသီဥတုက ဘယ်လိုလဲ။,600,Queue
ฤดูหนาวอากาศหนาวมากและมีหิมะตกครับ.,ဆောင်းရာသီက အရမ်းအေးပြီး နှင်းတွေကျတယ်။,600,Queue
ฤดูร้อนอากาศร้อนมากไหมครับ.,နွေရာသီက အရမ်းပူလား,600,Queue
ฤดูร้อนอากาศร้อนมากครับ.,နွေရာသီက အရမ်းပူတယ်။,100,Queue
ที่เมืองไทยฝนตกมากฤดูไหนครับ.,ထိုင်းနိုင်ငံမှာ ဘယ်ရာသီမိုးရွာသလဲ။,600,Queue
ฝนตกมากฤดูฝนครับ.,မိုးရာသီမှာ မိုးအရမ်းရွာတယ်။,100,Queue
คุณเกิดเมื่อไหร่ครับ.,သင့်ကိုဘယ်တုန်းကမွေးပါသလဲ?,1100,Queue
วันที่ 2 กุมภาพันธ์ ปี ค.ศ. 1985,ဖေဖော်ဝါရီ ၂၊ ၁၉၈၅,100,Queue
คุณล่ะครับ.,ခင်ဗျားရော?,100,Queue
ผมเกิดวันที่ 6 ธันวาคม ปี ค.ศ. 1982 ครับ,"ဒီဇင်ဘာလ 6, 1982 တွင်မွေးဖွားခဲ့သည်။",100,Queue
ปีนี้ พ.ศ. อะไรครับ,ဒါက ဘယ်နှစ်လဲ။,100,Queue
พ.ศ. 2567 ครับ,၂၅၆၇ ခုနှစ်,100,Queue
วันนี้วันที่เท่าไหร่เดือนอะไร และ ปี พ.ศ. อะไรครับ,ဒီနေ့ ဘာလနဲ့ ဘယ်နှစ်လဲ?,100,Queue
วันนี้วันที่ 4 สิงหาคม พ.ศ. 2545 ครับ ,ယနေ့ 4 သြဂုတ် 2002 ။,100,Queue
คุณเรียนภาษาไทยมากี่ปีแล้วครับ.,ထိုင်းစာကို ဘယ်နှစ်နှစ်လောက် လေ့လာပြီးပြီလဲ။,600,Queue
ผมเรียนมา 1 ปี กับ 2 เดือนแล้วครับ.,ကျွန်တော် ကျောင်းတက်နေတာ ၁ နှစ်နဲ့ ၂ လရှိပါပြီ။,600,Queue
ผมเรียนมา 2 ปีแล้วครับ.,ကျွန်တော် စာသင်နေတာ ၂ နှစ်ရှိပါပြီ။,100,Queue
คุณจะอยู่เมืองไทยนานไหมครับ.,ထိုင်းမှာ အကြာကြီးနေမှာလား။,3100,Queue
ประมาณ 6 เดือนครับ.,၆ လ လောက်ပါ။,700,Queue
จะกลับบ้านเมื่อไหร่ครับ.,မင်းဘယ်တော့အိမ်ပြန်မှာလဲ,600,Queue
เดือนพฤษภาคม ปีหน้าครับ.,နောက်နှစ် မေလ,600,Queue
เมืองไทยมีสามฤดู.,ထိုင်းမှာ ရာသီသုံးမျိုးရှိတယ်။,200,Queue
อากาศร้อนประมาณ 10 เดือน.,ရာသီဥတုက ၁၀ လ လောက်ပူတယ်။,600,Queue
ฤดูร้อนอากาศร้อนมากในเดือนเมษายน.,ဧပြီလတွင် နွေရာသီသည် အလွန်ပူသည်။,600,Queue
ฤดูหนาวมีประมาณ 2เดือน.,ဆောင်းရာသီက ၂ လလောက်ကြာတယ်။,600,Queue
เดือนกันยายนเป็นฤดูฝน ฝนตกมาก.,စက်တင်ဘာလသည် မိုးရာသီဖြစ်ပြီး မိုးများသည်။,600,Queue
เดือนธันวาคมเป็นฤดูหนาว.,ဒီဇင်ဘာသည် ဆောင်းရာသီဖြစ်သည်။,600,Queue
อากาศหนาวนิดหน่อย.,ရာသီဥတုက နည်းနည်းအေးတယ်။,600,Queue
เมืองไทยไม่มีหิมะตก.,ထိုင်းနိုင်ငံမှာ နှင်းကျတာ မရှိပါဘူး။,600,Queue
ปีนี้อากาศไม่ร้อนมาก.,ဒီနှစ် ရာသီဥတုက သိပ်မပူဘူး။,600,Queue
แต่ปีที่แล้ว อากาศหนาวมาก.,ဒါပေမယ့် မနှစ်က ရာသီဥတုက အရမ်းအေးတယ်။,1100,Queue
ผมต้องทำการบ้านให้โรงเรียนของผม.,ငါ့ကျောင်းအတွက် အိမ်စာလုပ်ရမယ်။,200,Queue
กรุณาช่วยผมด้วย.,ကျေးဇူးပြုပြီးကျွန်တော့်ကိုကူညီပါ,1000,Queue
ผมเป็นคนซื้อ.,ကျနော်က ဝယ်သူပါ,10,Queue
ผมเป็นคนขาย.,ကျနော််က ရောင်းသူပါ,10,Queue
นี่ใบอะไรครับ?.,ဒါဘာအရွက်လဲ,500,Queue
ใบคะน้า.,ကိုက်လန်ပါ,500,Queue
ครับ ผมจะเอา 2 กำ เท่าไหร่.,ဟုတ်ကဲ့ ၂ စည်းယူမယ်၊ ဘယ်လောက်လဲ,500,Queue
30 บาท ครับ.,ဘတ် ၃၀ ပါ,500,Queue
ที่นี่ 30 บาท.,ဘတ် ၃၀ ဒီမှာပါ ကျေးဇူး,500,Queue
ขอบคุณครับ.,ကျေးဇူးပါ,-,Queue
อยากได้หมู.,ဝက်သားလိုချင်ပါတယ်,500,Queue
มีครับ คุณต้องการเนื้อหมูแบบไหน.,ရှိပါတယ် ဘယ်လိုအသားလိုချင်လဲ,500,Queue
อยากได้หมูสามชั้น 1กิโลราคาเท่าไหร่ครับ.,၃ ထပ်သားလိုချင်ပါတယ်၊ တကီလိုဘယ်ဈေးလဲ,650,Queue
180 บาท ครับ.,ဘတ် ၁၃၀ ပါ,500,Queue
ผมจะเอา 1 กิโล.,၁ ကီလိုယူမယ်,1000,Queue
มีพริกเขียวไหม?.,ငရုပ်သီးစိမ်းရှိလား,500,Queue
มีครับ คุณต้องการเท่าไหร่?.,ရှိတယ်၊ ဘယ်လောက်ဖိုးလဲ,500,Queue
พริกขี้หนู แค่ 10 บาท ครับ ไม่มีต้องการอะไรมาก.,၁၀ ဖိုးပါ၊ အများကြီးမလိုဘူး,1500,Queue
ที่นี่ ขอบคุณนะครับ.,ဒီမှာပါ ကျေးဇူး,500,Queue
ง่วงนอน.,အိပ်ငိုက်သည်,4000,Queue
นี่เป็นครั้งแรกของผม.,ဒါကျနော့်ပထမဆုံးအကြိမ်ပါ,2800,Queue
แรกและสุดท้าย.,ပထမနှင့်နောက်ဆုံး,5000,Queue
ผมเป็นมัคคุเทศก์.,ကျနော်က တိုးဂိုက်ပါ,1500,Queue
ผมรอมานานแล้ว.,ငါစောင့်နေတာကြာပြီ,900,Queue
ยินดีให้บริการ.,ဝန်ဆောင်မှုပေးရတာ ဝမ်းသာတယ်,750,Queue
หายไวๆนะครับ.,မကြာခင်သက်သာပါစေ,1000,Queue
วางไว้ที่สำนักงานเลยครับ .,ရုံးမှာထားခဲ့ပါ,4500,Queue
ผมจะเล่าเรื่องประจำวันให้ฟังครับ.,ကျနော့်နေ့စဉ်ဘဝအကြောင်း ပြောပြမယ်။,2000,Queue
ผม ตื่นตอน 7 โมงเช้า.,ကျနော် မနက် ၇ နာရီမှာ အိပ်ရာတယ်။,1500,Queue
ผมทำอาหารกินเอง.,ကျနော်ကိုယ့်ဖာသာချက်စားတယ်။,4500,Queue
ส่วนใหญ่ ผมกินแต่ข้าว กับผักต้ม.,အများအားဖြင့် ထမင်းနဲ့အရွက်ပြုတ်တွေပဲ စားတယ်။,2000,Queue
ผมออกกำลังกายทุกวัน.,နေ့တိုင်းလေ့ကျင့်ခန်းလုပ်တယ်။,3500,Queue
ใช้ดัมเบล.,dumbbell တွေ သုံးတယ်။,1500,Queue
ที่พักของเรา มีสระว่ายน้ำ.,ကျနော်တို့အိမ်ရာမှာ ရေကူးကန်ရှိတယ်။,2500,Queue
ผมเคย ว่ายน้ำทุกวัน.,နေ့တိုင်း ရေကူးတယ်။,2000,Queue
ผมชอบอ่านหนังสือ.,စာအုပ်တွေဖတ်ရတာ ကြိုက်တယ်။,1500,Queue
ผมอ่านหนังสือทุกครั้งที่มีเวลาว่าง .,အားလပ်ချိန်တိုင်း စာအုပ်တွေဖတ်တယ်။ ,2000,Queue
ฟังเสียงหนังสือที่ยูทูปด้วย.,YouTube က အသံစာအုပ်တွေကိုလည်း နားထောင်တယ်။,2000,Queue
งานของผมเป็นงานอิสระ.,ကျွန်တော့်အလုပ်က freelance ပါ။,2000,Queue
เป็นนักออกแบบกราฟิก.,ဂရပ်ဖစ်ဒီဇိုင်း ဖြစ်ပါတယ်။,2000,Queue
ผมยังสอนออกแบบกราฟิกให้นักเรียนด้วย.,တချို့ကျောင်းသားတွေကို ဂရပ်ဖစ်ဒီဇိုင်း သင်ပေးတယ်။,1000,Queue
ผมชอบเรียนภาษาไทย.,ထိုင်းဘာသာစကားလေ့လာရတာ ကြိုက်တယ်။,300,Queue
แต่ อย่างที่รู้กัน.,ဒါပေမယ့် အားလုံးသိကြတဲ့အတိုင်းပါပဲ။,-,Queue
การออกเสียงภาษาไทย.,ထိုင်းအသံထွက်။,-,Queue
มันยาก.,ခက်တယ်။,-,Queue
สำหรับต่างชาติ.,နိုင်ငံခြားသားများအတွက်။,-,Queue
แต่ผมฝึกทุกวัน.,ဒါပေမယ့် နေ့တိုင်းလေ့ကျင့်နေတယ်။,2000,Queue
ผมเชื่อว่าภาษาไทย.,ထိုင်းဘာသာစကားကို ယုံတယ်။,-,Queue
ของผมจะพัฒนา.,မိုင်းဖွံ့ဖြိုးလာမယ်။,-,Queue
ขึ้นเร็วๆ นี้.,မကြာပါဘူး,-,Queue
ขอบคุณที่รับฟังครับ.,နားထောင်ပေးလို့ ကျေးဇူးပါ။,3000,Queue
ห้ามสูบบุหรี่.,ဆေးလိပ်မသောက်ရ,3000,Queue
สูบได้ที่นี่.,ဒီနေရာမှာ ဆေးလိပ်သောက်နိုင်ပါတယ်,1000,Queue
ผม อยากเช่ารถซาลูน.,စလွန်းတစီးငှါးချင်တယ်,1000,Queue
ผมขับรถ.,ကျနော် ကားမောင်းတယ်,500,Queue
ผมเป็นคนขับรถ.,ကျနော်က ယာဉ်မောင်းပါ,1500,Queue
ผมมาส่งลูกค้า.,ကျနော် ခရီးသည်လာပို့တာပါ,2200,Queue
ใช้ทางเบียง.,လမ်းလွှဲမှ သွားပါ။,1000,Queue
ผมกำลังรอเพื่อนของผมอยู่.,သူငယ်ချင်းကို စောင့်နေတာပါ,1500,Queue
ผมขับรถช้าเท่านั้น.,ကားကို ဖြည်းဖြည်းပဲမောင်းတယ်,2500,Queue
ผมขับรถช้าๆแค่ 60.,ကျနော်ကီလို ၆၀ နှုန်းပဲ မောင်းတယ်,1000,Queue
บริเวณโรงเรียน ขับขี่ช้าลง.,ကျောင်းနားမှာ ဖြည်းဖြည်းမောင်းနှင်ပါ,1000,Queue
งานไหล่ทางข้างหน้า.,လမ််းပြင်နေသည်,3000,Queue
เขตโรงเรียน ลดความเร็ว.,ကျောင််းရှိသည် အရှိန်လျှော့,3000,Queue
แค่นี้แหละครับ.,ဒါပါပဲ,2000,Queue
ขอข้าวเพิ่มอีก 2 จาน.,နောက် ထမင်း ၂ ပွဲထပ်ယူမယ်,1500,Queue
เมรุ.,မီးသဂြိုလ်စက်,100,Queue
เหมือนกันเลย.,အတူတူပဲ,3000,Queue
เช่นกัน.,အတူတူပဲ,2500,Queue
ผมด้วย.,ကျနော်လည်းအတူတူပဲ,300,Queue
ว่าไงนะ.,ဘာပြောလိုက်တာလဲ,4000,Queue
ตอนนี้รถติดมาก.,အခု ကားအရမ်းပိတ်တယ်။,500,Queue
เพลงชาติไทย.,ထိုင်းနိုင်ငံတော်သီချင်း,1000,Queue
ประเทศไทยรวมเลือดเนื้อชาติเชื้อไทย.,ဟ,10,Queue
เป็นประชารัฐ ไผทของไทยทุกส่วน.,ဟ,10,Queue
อยู่ดำรงคงไว้ได้ทั้งมวล.,ဟ,10,Queue
ด้วยไทยล้วนหมาย รักสามัคคี.,ဟ,10,Queue
ไทยนี้รักสงบ แต่ถึงรบไม่ขลาด.,ဟ,10,Queue
เอกราชจะไม่ให้ใครข่มขี่.,ဟ,10,Queue
สละเลือดทุกหยาดเป็นชาติพลี.,ဟ,10,Queue
เถลิงประเทศชาติไทยทวี มีชัย ชโย.,ဟ,10,Queue
กรุณาสับมันหน่อย.,တချက်လောက် ခုတ်ပေးပါဦး,1000,Queue
หุ่นดี เอวคอด.,ပုံကောင်း၊ ခါးကျဉ်း,1500,Queue
นมสวยมาก กำลังดี.,အရမ်းလှတဲ့ ရင်သားလေးပဲ မိုက်နေပြီ,500,Queue
กลัวจะยัดไม่เข้า.,မတော်မှာစိုးရိမ်တယ်,2500,Queue
มันแน่นมากๆ.,အရမ်းကြပ်တယ်။,1000,Queue
แทกเน้นๆเลย.,သေချာလုပ်,1500,Queue
โอ้ย เสียว.,အား...ထိချက်ပဲ,500,Queue
จะเสร็จ.,ပြီးတော့မယ်,500,Queue
เสียวหรอ.,စိတ်လှုပ်ရှားစရာကြီး,2500,Queue
ทดสอบความแน่น.,တင်းကျပ်မှုစမ်းသပ်,2000,Queue
ท่านีเข้าลึกมาก.,ဒီပုံစံက တဆုံး*တယ်။,1000,Queue
กันสาย.,အဆက်မပြတ်,2000,Queue
เสียวมากไหม.,အရမ်းစိတ်လှုပ်ရှားစရာကောင်းလား,1000,Queue
ผมจะเล่า น้ำแรก.,ပထမဆုံး *တဲ့အကြောင်းပြောမယ်,1000,Queue
ทำไมดีขนาดนี.,ဘာလို့ ဒီလောက်ကောင်းရတာလဲ,1000,Queue
ถอดเสือออกไปแล้ว.,အင်္ကျီချွတ်တယ်,1100,Queue
เก่งจัง.,မင်းက မိုက်လိုက်တာ။,1100,Queue
นังมิดโคนเลย.,အဆုံးပဲ *မ,3000,Queue
น่ำเสียว เต็มเบย.,*ရွှဲလို့ *နေပြီ,1000,Queue
น้องครางหนักมาก.,ကောင်မလေးက အရမ်းအော်တယ်,1100,Queue
ยูสให้นี ยังไงก็แตก.,*ကို*လို့ *မယ်,1000,Queue
เขตตรวจจับ ความเร็ว.,မြန်နှုန်းထောက်လှမ်းဇုန်,1000,Queue
ลาบเมือง ลาบอีสาน.,လပ်မူ(ရ)န် လပ်အီဆန် (အသားစင်းကောဟင်း),10,Queue
ทางม้าลาย.,လူကူးမျဥ်းကျား,1300,Queue
ส้า ต้มแซ่บ.,အသားချဥ်စပ် ပြုတ်/သုပ်,10,Queue
ต้มขม.,အမဲကလီစာဟင်းခါး,2100,Queue
แกงอ่อม.,အသားချဥ်ရည်ဟင်း,3500,Queue
ไปรษณีย์.,စာတိုက်,1000,Queue
อยากส่งมันไปแม่สายครับ.,ဒါ မဲ့ဆိုင်ကို ပို့ချင်လို့ပါ,500,Queue
มีสัญญาณไฟจราจร.,မီးပွိုင့်ရှိတယ်,1000,Queue
ไม่คิดค่าใช้จ่าย.,အခမဲ့,3500,Queue
หลอด.,အချိုရည်ပိုက်,2000,Queue
ของแถม.,လက်ဆောင်,6000,Queue
ทรงพระเจริญ.,ဘုရင်ကြီး သက်တော်ရှည်ပါစေ,2500,Queue
ยุงและแมลงวัน.,ခြင်နဲ့ယင်,1000,Queue
ขอซื้อดอกกุหลาบ 3 ดอก.,နှင်းဆီ ၃ ပွင့်ပေးပါ,500,Queue
ดอกเบญจมาศ.,ဂန္ဓမာ,1000,Queue
น้ำจิ้ม.,အချဉ်ရည်,2000,Queue
มันอันตราย.,Dangerous,500,Queue
เป็นประจำ.,ပုံမှန်ပါပဲ,1000,Queue
* First: ที่หนึ่ง (thîi nùeng).,ဟ,200,Queue
* Second: ที่สอง (thîi sǒng).,ဟ,200,Queue
* Third: ที่สาม (thîi sǎam).,ဟ,200,Queue
* Fourth: ที่สี่ (thîi sìi).,ဟ,200,Queue
* Fifth: ที่ห้า (thîi hâa).,ဟ,200,Queue
* Sixth: ที่หก (thîi hòk).,ဟ,200,Queue
* Seventh: ที่เจ็ด (thîi jèt).,ဟ,200,Queue
* Eighth: ที่แปด (thîi pàet).,ဟ,200,Queue
* Ninth: ที่เก้า (thîi kâo).,ဟ,200,Queue
* Tenth: ที่สิบ (thîi sìp).,ဟ,200,Queue
แม่สายอยู่ไกลกว่าเชียงราย.,ဟ,2000,Queue
ม่อนแจ่มใกล้กว่าเชียงราย.,ဟ,1000,Queue
ดอกกุหลาบสวยกว่าเบญจมาศ.,ဟ,1000,Queue
ดอยอินทนนท์สูงกว่าดอยสุเทพ.,ဟ,500,Queue
ราคาแหวนถูกกว่าสร้อยคอ.,ဟ,800,Queue
แผ่นดินไหว,ငလျင်,2000,Queue
เกิดแผ่นดินไหวใหญ่เบิ้มเลยนะ.,ကြီးမားသော ငလျင်တစ်ခု လှုပ်ခတ်ခဲ့သည်။,1000,Queue
แผ่นดินไหวที่สะกายหนักมากเลยนะ.,စစ်ကိုင်းမှာ ငလျင်ဒဏ်တော်တော်ဆိုးတယ်,1000,Queue
มีคนตายเป็นพันเลยนะ.,လူအများကြီးသေတယ်,1000,Queue
ราชพฤกษ์.,ငုပင်,3000,Queue
อินทนิล,ပျဥ်းမပင်,500,Queue
ไม้ประดู่,ပိတောက်,2000,Queue
ดอกเฟื่องฟ้า,စက္ကူပန်း,1000,Queue
ลิสต์ต้องทำ,လုပ်စရာ,500,Queue
ฝนตกถนนลื่น,မိုးရွာနေစဉ်လမ်းချော်သည်,1500,Queue
ดอกสาละลังกา,အင်ကြင်းပန်း,500,Queue
เลขตัวถัง,ချက်စီ,2000,Queue
พระราชบัญญัติรถยนต์ พศ 2522.,မော်တော်ယာဉ်ဥပဒေ B.E. ၂၅၂၂,500,Queue
กระเทียม,ကြက်သွန်ဖြူ,1500,Queue
ร้านล้างรถ,ကားရေဆေးဆိုင်,1000,Queue
ตลาดกาดหน้ามอ,ကျောင်းသားညဈေး,500,Queue
นางพญาเสือโคร่ง,ထိုင်းချယ်ရီပန်း,2000,Queue
กล้วยน้ำว้า,ဖီးကြမ်းသီး,1500,Queue
ขิง,ဂျင်း,1500,Queue
ค่ายรบพิเศษที่ 5,အမှတ် (၅) အထူးစစ်ဆင်ရေးစခန်း,1000,Ready
กรมรบพิเศษที่ 5,အမှတ် (၅) အထူးစစ်ဆင်ရေးတပ်ရင်း,500,Drill
MYNEWTESTWORD,MyNewTestMeaning,999,dril
